This file contains any messages produced by compilers while
running configure, to aid debugging if configure makes a mistake.

It was created by XZ Utils configure 5.2.4, which was
generated by GNU Autoconf 2.69.  Invocation command line was

  $ /Users/sanilawijesekara/Documents/gsoc/Root/root-GSOC/root-build/LZMA-prefix/src/LZMA/configure --prefix /Users/sanilawijesekara/Documents/gsoc/Root/root-GSOC/root-build --libdir /Users/sanilawijesekara/Documents/gsoc/Root/root-GSOC/root-build/lib --with-pic --disable-shared --quiet --disable-scripts --disable-xz --disable-xzdec --disable-lzmadec --disable-lzmainfo --disable-lzma-links CC=/usr/bin/cc CXX=/usr/bin/c++ CFLAGS=-Wno-format-nonliteral -isysroot /Library/Developer/CommandLineTools/SDKs/MacOSX.sdk -O3 LDFLAGS=-Qunused-arguments

## --------- ##
## Platform. ##
## --------- ##

hostname = Sanilas-MacBook-Pro.local
uname -m = arm64
uname -r = 25.2.0
uname -s = Darwin
uname -v = Darwin Kernel Version 25.2.0: Tue Nov 18 21:08:48 PST 2025; root:xnu-12377.61.12~1/RELEASE_ARM64_T8132

/usr/bin/uname -p = arm
/bin/uname -X     = unknown

/bin/arch              = unknown
/usr/bin/arch -k       = unknown
/usr/convex/getsysinfo = unknown
/usr/bin/hostinfo      = Mach kernel version:
	 Darwin Kernel Version 25.2.0: Tue Nov 18 21:08:48 PST 2025; root:xnu-12377.61.12~1/RELEASE_ARM64_T8132
Kernel configured for up to 10 processors.
10 processors are physically available.
10 processors are logically available.
Processor type: arm64e (ARM64E)
Processors active: 0 1 2 3 4 5 6 7 8 9
Primary memory available: 16.00 gigabytes
Default processor set: 854 tasks, 3474 threads, 10 processors
Load average: 91.36, Mach factor: 0.12
/bin/machine           = unknown
/usr/bin/oslevel       = unknown
/bin/universe          = unknown

PATH: /Users/sanilawijesekara/Documents/gsoc/Root/root-GSOC/.venv/bin
PATH: /Users/sanilawijesekara/.antigravity/antigravity/bin
PATH: /Users/sanilawijesekara/Library/Application Support/Code/User/globalStorage/github.copilot-chat/debugCommand
PATH: /Users/sanilawijesekara/Library/Application Support/Code/User/globalStorage/github.copilot-chat/copilotCli
PATH: /Library/Frameworks/Python.framework/Versions/3.14/bin
PATH: /usr/local/bin
PATH: /System/Cryptexes/App/usr/bin
PATH: /usr/bin
PATH: /bin
PATH: /usr/sbin
PATH: /sbin
PATH: /var/run/com.apple.security.cryptexd/codex.system/bootstrap/usr/local/bin
PATH: /var/run/com.apple.security.cryptexd/codex.system/bootstrap/usr/bin
PATH: /var/run/com.apple.security.cryptexd/codex.system/bootstrap/usr/appleinternal/bin
PATH: /opt/pmk/env/global/bin
PATH: /opt/homebrew/bin
PATH: /Users/sanilawijesekara/Library/Application Support/Code/User/globalStorage/github.copilot-chat/debugCommand
PATH: /Users/sanilawijesekara/Library/Application Support/Code/User/globalStorage/github.copilot-chat/copilotCli
PATH: /Users/sanilawijesekara/.antigravity/antigravity/bin
PATH: /Users/sanilawijesekara/.local/bin
PATH: /Library/Frameworks/Python.framework/Versions/3.14/bin
PATH: /Users/sanilawijesekara/.vscode/extensions/ms-python.debugpy-2025.18.0-darwin-arm64/bundled/scripts/noConfigScripts


## ----------- ##
## Core tests. ##
## ----------- ##

configure:2968: checking build system type
configure:2982: result: arm-apple-darwin25.2.0
configure:3002: checking host system type
configure:3015: result: arm-apple-darwin25.2.0
configure:3075: checking if debugging code should be compiled
configure:3091: result: no
configure:3131: checking which encoders to build
configure:3222: result: lzma1 lzma2 delta x86 powerpc ia64 arm armthumb sparc
configure:3226: checking which decoders to build
configure:3317: result: lzma1 lzma2 delta x86 powerpc ia64 arm armthumb sparc
configure:3656: checking which match finders to build
configure:3707: result: hc3 hc4 bt2 bt3 bt4
configure:3725: checking which integrity checks to build
configure:3767: result: crc32 crc64 sha256
configure:3799: checking if external SHA-256 should be used
configure:3815: result: no
configure:3824: checking if assembler optimizations should be used
configure:3848: result: no
configure:3879: checking if small size is preferred over speed
configure:3897: result: no
configure:3913: checking if threading support is wanted
configure:3939: result: yes, posix
configure:3972: checking how much RAM to assume if the real amount is unknown
configure:3987: result: 128 MiB
configure:4120: checking if library symbol versioning should be used
configure:4143: result: no
configure:4159: checking if sandboxing should be used
configure:4174: result: no
configure:4191: checking for a shell that conforms to POSIX
configure:4232: result: /bin/sh
configure:4273: checking for a BSD-compatible install
configure:4341: result: /usr/bin/install -c
configure:4352: checking whether build environment is sane
configure:4407: result: yes
configure:4558: checking for a thread-safe mkdir -p
configure:4597: result: build-aux/install-sh -c -d
configure:4604: checking for gawk
configure:4634: result: no
configure:4604: checking for mawk
configure:4634: result: no
configure:4604: checking for nawk
configure:4634: result: no
configure:4604: checking for awk
configure:4620: found /usr/bin/awk
configure:4631: result: awk
configure:4642: checking whether make sets $(MAKE)
configure:4664: result: yes
configure:4693: checking whether make supports nested variables
configure:4710: result: yes
configure:4836: checking whether ln -s works
configure:4840: result: yes
configure:4860: checking for style of include used by make
configure:4888: result: GNU
configure:4959: checking for gcc
configure:4986: result: /usr/bin/cc
configure:5215: checking for C compiler version
configure:5224: /usr/bin/cc --version >&5
Apple clang version 17.0.0 (clang-1700.6.3.2)
Target: arm64-apple-darwin25.2.0
Thread model: posix
InstalledDir: /Library/Developer/CommandLineTools/usr/bin
configure:5235: $? = 0
configure:5224: /usr/bin/cc -v >&5
Apple clang version 17.0.0 (clang-1700.6.3.2)
Target: arm64-apple-darwin25.2.0
Thread model: posix
InstalledDir: /Library/Developer/CommandLineTools/usr/bin
configure:5235: $? = 0
configure:5224: /usr/bin/cc -V >&5
clang: error: argument to '-V' is missing (expected 1 value)
clang: error: no input files
configure:5235: $? = 1
configure:5224: /usr/bin/cc -qversion >&5
clang: error: unknown argument '-qversion'; did you mean '--version'?
clang: error: no input files
configure:5235: $? = 1
configure:5255: checking whether the C compiler works
configure:5277: /usr/bin/cc -Wno-format-nonliteral -isysroot /Library/Developer/CommandLineTools/SDKs/MacOSX.sdk -O3  -Qunused-arguments conftest.c  >&5
configure:5281: $? = 0
configure:5329: result: yes
configure:5332: checking for C compiler default output file name
configure:5334: result: a.out
configure:5340: checking for suffix of executables
configure:5347: /usr/bin/cc -o conftest -Wno-format-nonliteral -isysroot /Library/Developer/CommandLineTools/SDKs/MacOSX.sdk -O3  -Qunused-arguments conftest.c  >&5
configure:5351: $? = 0
configure:5373: result: 
configure:5395: checking whether we are cross compiling
configure:5403: /usr/bin/cc -o conftest -Wno-format-nonliteral -isysroot /Library/Developer/CommandLineTools/SDKs/MacOSX.sdk -O3  -Qunused-arguments conftest.c  >&5
configure:5407: $? = 0
configure:5414: ./conftest
configure:5418: $? = 0
configure:5433: result: no
configure:5438: checking for suffix of object files
configure:5460: /usr/bin/cc -c -Wno-format-nonliteral -isysroot /Library/Developer/CommandLineTools/SDKs/MacOSX.sdk -O3  conftest.c >&5
configure:5464: $? = 0
configure:5485: result: o
configure:5489: checking whether we are using the GNU C compiler
configure:5508: /usr/bin/cc -c -Wno-format-nonliteral -isysroot /Library/Developer/CommandLineTools/SDKs/MacOSX.sdk -O3  conftest.c >&5
configure:5508: $? = 0
configure:5517: result: yes
configure:5526: checking whether /usr/bin/cc accepts -g
configure:5546: /usr/bin/cc -c -g  conftest.c >&5
configure:5546: $? = 0
configure:5587: result: yes
configure:5604: checking for /usr/bin/cc option to accept ISO C89
configure:5667: /usr/bin/cc  -c -Wno-format-nonliteral -isysroot /Library/Developer/CommandLineTools/SDKs/MacOSX.sdk -O3  conftest.c >&5
conftest.c:47:14: warning: a function definition without a prototype is deprecated in all versions of C and is not supported in C23 [-Wdeprecated-non-prototype]
   47 | static char *e (p, i)
      |              ^
1 warning generated.
configure:5667: $? = 0
configure:5680: result: none needed
configure:5705: checking whether /usr/bin/cc understands -c and -o together
configure:5727: /usr/bin/cc -c conftest.c -o conftest2.o
configure:5730: $? = 0
configure:5727: /usr/bin/cc -c conftest.c -o conftest2.o
configure:5730: $? = 0
configure:5742: result: yes
configure:5761: checking dependency style of /usr/bin/cc
configure:5872: result: gcc3
configure:5887: checking for /usr/bin/cc option to accept ISO C99
configure:6036: /usr/bin/cc  -c -Wno-format-nonliteral -isysroot /Library/Developer/CommandLineTools/SDKs/MacOSX.sdk -O3  conftest.c >&5
configure:6036: $? = 0
configure:6049: result: none needed
configure:6078: checking dependency style of /usr/bin/cc
configure:6187: result: gcc3
configure:6208: checking how to run the C preprocessor
configure:6239: /usr/bin/cc -E  conftest.c
configure:6239: $? = 0
configure:6253: /usr/bin/cc -E  conftest.c
conftest.c:41:10: fatal error: 'ac_nonexistent.h' file not found
   41 | #include <ac_nonexistent.h>
      |          ^~~~~~~~~~~~~~~~~~
1 error generated.
configure:6253: $? = 1
configure: failed program was:
| /* confdefs.h */
| #define PACKAGE_NAME "XZ Utils"
| #define PACKAGE_TARNAME "xz"
| #define PACKAGE_VERSION "5.2.4"
| #define PACKAGE_STRING "XZ Utils 5.2.4"
| #define PACKAGE_BUGREPORT "lasse.collin@tukaani.org"
| #define PACKAGE_URL "https://tukaani.org/xz/"
| #define NDEBUG 1
| #define HAVE_ENCODER_LZMA1 1
| #define HAVE_ENCODER_LZMA2 1
| #define HAVE_ENCODER_DELTA 1
| #define HAVE_ENCODER_X86 1
| #define HAVE_ENCODER_POWERPC 1
| #define HAVE_ENCODER_IA64 1
| #define HAVE_ENCODER_ARM 1
| #define HAVE_ENCODER_ARMTHUMB 1
| #define HAVE_ENCODER_SPARC 1
| #define HAVE_ENCODERS 1
| #define HAVE_DECODER_LZMA1 1
| #define HAVE_DECODER_LZMA2 1
| #define HAVE_DECODER_DELTA 1
| #define HAVE_DECODER_X86 1
| #define HAVE_DECODER_POWERPC 1
| #define HAVE_DECODER_IA64 1
| #define HAVE_DECODER_ARM 1
| #define HAVE_DECODER_ARMTHUMB 1
| #define HAVE_DECODER_SPARC 1
| #define HAVE_DECODERS 1
| #define HAVE_MF_HC3 1
| #define HAVE_MF_HC4 1
| #define HAVE_MF_BT2 1
| #define HAVE_MF_BT3 1
| #define HAVE_MF_BT4 1
| #define HAVE_CHECK_CRC32 1
| #define HAVE_CHECK_CRC64 1
| #define HAVE_CHECK_SHA256 1
| #define ASSUME_RAM 128
| #define PACKAGE "xz"
| #define VERSION "5.2.4"
| /* end confdefs.h.  */
| #include <ac_nonexistent.h>
configure:6278: result: /usr/bin/cc -E
configure:6298: /usr/bin/cc -E  conftest.c
configure:6298: $? = 0
configure:6312: /usr/bin/cc -E  conftest.c
conftest.c:41:10: fatal error: 'ac_nonexistent.h' file not found
   41 | #include <ac_nonexistent.h>
      |          ^~~~~~~~~~~~~~~~~~
1 error generated.
configure:6312: $? = 1
configure: failed program was:
| /* confdefs.h */
| #define PACKAGE_NAME "XZ Utils"
| #define PACKAGE_TARNAME "xz"
| #define PACKAGE_VERSION "5.2.4"
| #define PACKAGE_STRING "XZ Utils 5.2.4"
| #define PACKAGE_BUGREPORT "lasse.collin@tukaani.org"
| #define PACKAGE_URL "https://tukaani.org/xz/"
| #define NDEBUG 1
| #define HAVE_ENCODER_LZMA1 1
| #define HAVE_ENCODER_LZMA2 1
| #define HAVE_ENCODER_DELTA 1
| #define HAVE_ENCODER_X86 1
| #define HAVE_ENCODER_POWERPC 1
| #define HAVE_ENCODER_IA64 1
| #define HAVE_ENCODER_ARM 1
| #define HAVE_ENCODER_ARMTHUMB 1
| #define HAVE_ENCODER_SPARC 1
| #define HAVE_ENCODERS 1
| #define HAVE_DECODER_LZMA1 1
| #define HAVE_DECODER_LZMA2 1
| #define HAVE_DECODER_DELTA 1
| #define HAVE_DECODER_X86 1
| #define HAVE_DECODER_POWERPC 1
| #define HAVE_DECODER_IA64 1
| #define HAVE_DECODER_ARM 1
| #define HAVE_DECODER_ARMTHUMB 1
| #define HAVE_DECODER_SPARC 1
| #define HAVE_DECODERS 1
| #define HAVE_MF_HC3 1
| #define HAVE_MF_HC4 1
| #define HAVE_MF_BT2 1
| #define HAVE_MF_BT3 1
| #define HAVE_MF_BT4 1
| #define HAVE_CHECK_CRC32 1
| #define HAVE_CHECK_CRC64 1
| #define HAVE_CHECK_SHA256 1
| #define ASSUME_RAM 128
| #define PACKAGE "xz"
| #define VERSION "5.2.4"
| /* end confdefs.h.  */
| #include <ac_nonexistent.h>
configure:6341: checking for grep that handles long lines and -e
configure:6399: result: /usr/bin/grep
configure:6404: checking for egrep
configure:6466: result: /usr/bin/grep -E
configure:6471: checking for ANSI C header files
configure:6491: /usr/bin/cc -c -Wno-format-nonliteral -isysroot /Library/Developer/CommandLineTools/SDKs/MacOSX.sdk -O3  conftest.c >&5
configure:6491: $? = 0
configure:6564: /usr/bin/cc -o conftest -Wno-format-nonliteral -isysroot /Library/Developer/CommandLineTools/SDKs/MacOSX.sdk -O3  -Qunused-arguments conftest.c  >&5
configure:6564: $? = 0
configure:6564: ./conftest
configure:6564: $? = 0
configure:6575: result: yes
configure:6588: checking for sys/types.h
configure:6588: /usr/bin/cc -c -Wno-format-nonliteral -isysroot /Library/Developer/CommandLineTools/SDKs/MacOSX.sdk -O3  conftest.c >&5
configure:6588: $? = 0
configure:6588: result: yes
configure:6588: checking for sys/stat.h
configure:6588: /usr/bin/cc -c -Wno-format-nonliteral -isysroot /Library/Developer/CommandLineTools/SDKs/MacOSX.sdk -O3  conftest.c >&5
configure:6588: $? = 0
configure:6588: result: yes
configure:6588: checking for stdlib.h
configure:6588: /usr/bin/cc -c -Wno-format-nonliteral -isysroot /Library/Developer/CommandLineTools/SDKs/MacOSX.sdk -O3  conftest.c >&5
configure:6588: $? = 0
configure:6588: result: yes
configure:6588: checking for string.h
configure:6588: /usr/bin/cc -c -Wno-format-nonliteral -isysroot /Library/Developer/CommandLineTools/SDKs/MacOSX.sdk -O3  conftest.c >&5
configure:6588: $? = 0
configure:6588: result: yes
configure:6588: checking for memory.h
configure:6588: /usr/bin/cc -c -Wno-format-nonliteral -isysroot /Library/Developer/CommandLineTools/SDKs/MacOSX.sdk -O3  conftest.c >&5
configure:6588: $? = 0
configure:6588: result: yes
configure:6588: checking for strings.h
configure:6588: /usr/bin/cc -c -Wno-format-nonliteral -isysroot /Library/Developer/CommandLineTools/SDKs/MacOSX.sdk -O3  conftest.c >&5
configure:6588: $? = 0
configure:6588: result: yes
configure:6588: checking for inttypes.h
configure:6588: /usr/bin/cc -c -Wno-format-nonliteral -isysroot /Library/Developer/CommandLineTools/SDKs/MacOSX.sdk -O3  conftest.c >&5
configure:6588: $? = 0
configure:6588: result: yes
configure:6588: checking for stdint.h
configure:6588: /usr/bin/cc -c -Wno-format-nonliteral -isysroot /Library/Developer/CommandLineTools/SDKs/MacOSX.sdk -O3  conftest.c >&5
configure:6588: $? = 0
configure:6588: result: yes
configure:6588: checking for unistd.h
configure:6588: /usr/bin/cc -c -Wno-format-nonliteral -isysroot /Library/Developer/CommandLineTools/SDKs/MacOSX.sdk -O3  conftest.c >&5
configure:6588: $? = 0
configure:6588: result: yes
configure:6601: checking minix/config.h usability
configure:6601: /usr/bin/cc -c -Wno-format-nonliteral -isysroot /Library/Developer/CommandLineTools/SDKs/MacOSX.sdk -O3  conftest.c >&5
conftest.c:84:10: fatal error: 'minix/config.h' file not found
   84 | #include <minix/config.h>
      |          ^~~~~~~~~~~~~~~~
1 error generated.
configure:6601: $? = 1
configure: failed program was:
| /* confdefs.h */
| #define PACKAGE_NAME "XZ Utils"
| #define PACKAGE_TARNAME "xz"
| #define PACKAGE_VERSION "5.2.4"
| #define PACKAGE_STRING "XZ Utils 5.2.4"
| #define PACKAGE_BUGREPORT "lasse.collin@tukaani.org"
| #define PACKAGE_URL "https://tukaani.org/xz/"
| #define NDEBUG 1
| #define HAVE_ENCODER_LZMA1 1
| #define HAVE_ENCODER_LZMA2 1
| #define HAVE_ENCODER_DELTA 1
| #define HAVE_ENCODER_X86 1
| #define HAVE_ENCODER_POWERPC 1
| #define HAVE_ENCODER_IA64 1
| #define HAVE_ENCODER_ARM 1
| #define HAVE_ENCODER_ARMTHUMB 1
| #define HAVE_ENCODER_SPARC 1
| #define HAVE_ENCODERS 1
| #define HAVE_DECODER_LZMA1 1
| #define HAVE_DECODER_LZMA2 1
| #define HAVE_DECODER_DELTA 1
| #define HAVE_DECODER_X86 1
| #define HAVE_DECODER_POWERPC 1
| #define HAVE_DECODER_IA64 1
| #define HAVE_DECODER_ARM 1
| #define HAVE_DECODER_ARMTHUMB 1
| #define HAVE_DECODER_SPARC 1
| #define HAVE_DECODERS 1
| #define HAVE_MF_HC3 1
| #define HAVE_MF_HC4 1
| #define HAVE_MF_BT2 1
| #define HAVE_MF_BT3 1
| #define HAVE_MF_BT4 1
| #define HAVE_CHECK_CRC32 1
| #define HAVE_CHECK_CRC64 1
| #define HAVE_CHECK_SHA256 1
| #define ASSUME_RAM 128
| #define PACKAGE "xz"
| #define VERSION "5.2.4"
| #define STDC_HEADERS 1
| #define HAVE_SYS_TYPES_H 1
| #define HAVE_SYS_STAT_H 1
| #define HAVE_STDLIB_H 1
| #define HAVE_STRING_H 1
| #define HAVE_MEMORY_H 1
| #define HAVE_STRINGS_H 1
| #define HAVE_INTTYPES_H 1
| #define HAVE_STDINT_H 1
| #define HAVE_UNISTD_H 1
| /* end confdefs.h.  */
| #include <stdio.h>
| #ifdef HAVE_SYS_TYPES_H
| # include <sys/types.h>
| #endif
| #ifdef HAVE_SYS_STAT_H
| # include <sys/stat.h>
| #endif
| #ifdef STDC_HEADERS
| # include <stdlib.h>
| # include <stddef.h>
| #else
| # ifdef HAVE_STDLIB_H
| #  include <stdlib.h>
| # endif
| #endif
| #ifdef HAVE_STRING_H
| # if !defined STDC_HEADERS && defined HAVE_MEMORY_H
| #  include <memory.h>
| # endif
| # include <string.h>
| #endif
| #ifdef HAVE_STRINGS_H
| # include <strings.h>
| #endif
| #ifdef HAVE_INTTYPES_H
| # include <inttypes.h>
| #endif
| #ifdef HAVE_STDINT_H
| # include <stdint.h>
| #endif
| #ifdef HAVE_UNISTD_H
| # include <unistd.h>
| #endif
| #include <minix/config.h>
configure:6601: result: no
configure:6601: checking minix/config.h presence
configure:6601: /usr/bin/cc -E  conftest.c
conftest.c:51:10: fatal error: 'minix/config.h' file not found
   51 | #include <minix/config.h>
      |          ^~~~~~~~~~~~~~~~
1 error generated.
configure:6601: $? = 1
configure: failed program was:
| /* confdefs.h */
| #define PACKAGE_NAME "XZ Utils"
| #define PACKAGE_TARNAME "xz"
| #define PACKAGE_VERSION "5.2.4"
| #define PACKAGE_STRING "XZ Utils 5.2.4"
| #define PACKAGE_BUGREPORT "lasse.collin@tukaani.org"
| #define PACKAGE_URL "https://tukaani.org/xz/"
| #define NDEBUG 1
| #define HAVE_ENCODER_LZMA1 1
| #define HAVE_ENCODER_LZMA2 1
| #define HAVE_ENCODER_DELTA 1
| #define HAVE_ENCODER_X86 1
| #define HAVE_ENCODER_POWERPC 1
| #define HAVE_ENCODER_IA64 1
| #define HAVE_ENCODER_ARM 1
| #define HAVE_ENCODER_ARMTHUMB 1
| #define HAVE_ENCODER_SPARC 1
| #define HAVE_ENCODERS 1
| #define HAVE_DECODER_LZMA1 1
| #define HAVE_DECODER_LZMA2 1
| #define HAVE_DECODER_DELTA 1
| #define HAVE_DECODER_X86 1
| #define HAVE_DECODER_POWERPC 1
| #define HAVE_DECODER_IA64 1
| #define HAVE_DECODER_ARM 1
| #define HAVE_DECODER_ARMTHUMB 1
| #define HAVE_DECODER_SPARC 1
| #define HAVE_DECODERS 1
| #define HAVE_MF_HC3 1
| #define HAVE_MF_HC4 1
| #define HAVE_MF_BT2 1
| #define HAVE_MF_BT3 1
| #define HAVE_MF_BT4 1
| #define HAVE_CHECK_CRC32 1
| #define HAVE_CHECK_CRC64 1
| #define HAVE_CHECK_SHA256 1
| #define ASSUME_RAM 128
| #define PACKAGE "xz"
| #define VERSION "5.2.4"
| #define STDC_HEADERS 1
| #define HAVE_SYS_TYPES_H 1
| #define HAVE_SYS_STAT_H 1
| #define HAVE_STDLIB_H 1
| #define HAVE_STRING_H 1
| #define HAVE_MEMORY_H 1
| #define HAVE_STRINGS_H 1
| #define HAVE_INTTYPES_H 1
| #define HAVE_STDINT_H 1
| #define HAVE_UNISTD_H 1
| /* end confdefs.h.  */
| #include <minix/config.h>
configure:6601: result: no
configure:6601: checking for minix/config.h
configure:6601: result: no
configure:6622: checking whether it is safe to define __EXTENSIONS__
configure:6640: /usr/bin/cc -c -Wno-format-nonliteral -isysroot /Library/Developer/CommandLineTools/SDKs/MacOSX.sdk -O3  conftest.c >&5
configure:6640: $? = 0
configure:6647: result: yes
configure:6778: checking if compiler needs -Werror to reject unknown flags
configure:6794: /usr/bin/cc -c -Wno-format-nonliteral -isysroot /Library/Developer/CommandLineTools/SDKs/MacOSX.sdk -O3 -Werror -Wunknown-warning-option -Wsizeof-array-argument  conftest.c >&5
configure:6794: $? = 0
configure:6795: result: yes
configure:6815: checking whether pthreads work with -pthread
configure:6903: /usr/bin/cc -o conftest -Wno-format-nonliteral -isysroot /Library/Developer/CommandLineTools/SDKs/MacOSX.sdk -O3 -pthread -Werror  -Qunused-arguments conftest.c   >&5
configure:6903: $? = 0
configure:6912: result: yes
configure:6931: checking for joinable pthread attribute
configure:6946: /usr/bin/cc -o conftest -Wno-format-nonliteral -isysroot /Library/Developer/CommandLineTools/SDKs/MacOSX.sdk -O3 -pthread  -Qunused-arguments conftest.c   >&5
configure:6946: $? = 0
configure:6952: result: PTHREAD_CREATE_JOINABLE
configure:6962: checking if more special flags are required for pthreads
configure:6977: result: -D_THREAD_SAFE
configure:6983: checking for PTHREAD_PRIO_INHERIT
configure:7000: /usr/bin/cc -o conftest -Wno-format-nonliteral -isysroot /Library/Developer/CommandLineTools/SDKs/MacOSX.sdk -O3 -pthread  -Qunused-arguments conftest.c   >&5
configure:7000: $? = 0
configure:7009: result: yes
configure:7122: checking for library containing clock_gettime
configure:7153: /usr/bin/cc -o conftest -Wno-format-nonliteral -isysroot /Library/Developer/CommandLineTools/SDKs/MacOSX.sdk -O3 -D_THREAD_SAFE -pthread  -Qunused-arguments conftest.c   >&5
configure:7153: $? = 0
configure:7170: result: none required
configure:7181: checking for clock_gettime
configure:7181: /usr/bin/cc -o conftest -Wno-format-nonliteral -isysroot /Library/Developer/CommandLineTools/SDKs/MacOSX.sdk -O3 -D_THREAD_SAFE -pthread  -Qunused-arguments conftest.c   >&5
configure:7181: $? = 0
configure:7181: result: yes
configure:7181: checking for pthread_condattr_setclock
configure:7181: /usr/bin/cc -o conftest -Wno-format-nonliteral -isysroot /Library/Developer/CommandLineTools/SDKs/MacOSX.sdk -O3 -D_THREAD_SAFE -pthread  -Qunused-arguments conftest.c   >&5
Undefined symbols for architecture arm64:
  "_pthread_condattr_setclock", referenced from:
      _main in conftest-ac4e43.o
ld: symbol(s) not found for architecture arm64
clang: error: linker command failed with exit code 1 (use -v to see invocation)
configure:7181: $? = 1
configure: failed program was:
| /* confdefs.h */
| #define PACKAGE_NAME "XZ Utils"
| #define PACKAGE_TARNAME "xz"
| #define PACKAGE_VERSION "5.2.4"
| #define PACKAGE_STRING "XZ Utils 5.2.4"
| #define PACKAGE_BUGREPORT "lasse.collin@tukaani.org"
| #define PACKAGE_URL "https://tukaani.org/xz/"
| #define NDEBUG 1
| #define HAVE_ENCODER_LZMA1 1
| #define HAVE_ENCODER_LZMA2 1
| #define HAVE_ENCODER_DELTA 1
| #define HAVE_ENCODER_X86 1
| #define HAVE_ENCODER_POWERPC 1
| #define HAVE_ENCODER_IA64 1
| #define HAVE_ENCODER_ARM 1
| #define HAVE_ENCODER_ARMTHUMB 1
| #define HAVE_ENCODER_SPARC 1
| #define HAVE_ENCODERS 1
| #define HAVE_DECODER_LZMA1 1
| #define HAVE_DECODER_LZMA2 1
| #define HAVE_DECODER_DELTA 1
| #define HAVE_DECODER_X86 1
| #define HAVE_DECODER_POWERPC 1
| #define HAVE_DECODER_IA64 1
| #define HAVE_DECODER_ARM 1
| #define HAVE_DECODER_ARMTHUMB 1
| #define HAVE_DECODER_SPARC 1
| #define HAVE_DECODERS 1
| #define HAVE_MF_HC3 1
| #define HAVE_MF_HC4 1
| #define HAVE_MF_BT2 1
| #define HAVE_MF_BT3 1
| #define HAVE_MF_BT4 1
| #define HAVE_CHECK_CRC32 1
| #define HAVE_CHECK_CRC64 1
| #define HAVE_CHECK_SHA256 1
| #define ASSUME_RAM 128
| #define PACKAGE "xz"
| #define VERSION "5.2.4"
| #define STDC_HEADERS 1
| #define HAVE_SYS_TYPES_H 1
| #define HAVE_SYS_STAT_H 1
| #define HAVE_STDLIB_H 1
| #define HAVE_STRING_H 1
| #define HAVE_MEMORY_H 1
| #define HAVE_STRINGS_H 1
| #define HAVE_INTTYPES_H 1
| #define HAVE_STDINT_H 1
| #define HAVE_UNISTD_H 1
| #define __EXTENSIONS__ 1
| #define _ALL_SOURCE 1
| #define _GNU_SOURCE 1
| #define _POSIX_PTHREAD_SEMANTICS 1
| #define _TANDEM_SOURCE 1
| #define HAVE_PTHREAD_PRIO_INHERIT 1
| #define MYTHREAD_POSIX 1
| #define HAVE_CLOCK_GETTIME 1
| /* end confdefs.h.  */
| /* Define pthread_condattr_setclock to an innocuous variant, in case <limits.h> declares pthread_condattr_setclock.
|    For example, HP-UX 11i <limits.h> declares gettimeofday.  */
| #define pthread_condattr_setclock innocuous_pthread_condattr_setclock
| 
| /* System header to define __stub macros and hopefully few prototypes,
|     which can conflict with char pthread_condattr_setclock (); below.
|     Prefer <limits.h> to <assert.h> if __STDC__ is defined, since
|     <limits.h> exists even on freestanding compilers.  */
| 
| #ifdef __STDC__
| # include <limits.h>
| #else
| # include <assert.h>
| #endif
| 
| #undef pthread_condattr_setclock
| 
| /* Override any GCC internal prototype to avoid an error.
|    Use char because int might match the return type of a GCC
|    builtin and then its argument prototype would still apply.  */
| #ifdef __cplusplus
| extern "C"
| #endif
| char pthread_condattr_setclock ();
| /* The GNU C library defines this for functions which it implements
|     to always fail with ENOSYS.  Some functions are actually named
|     something starting with __ and the normal name is an alias.  */
| #if defined __stub_pthread_condattr_setclock || defined __stub___pthread_condattr_setclock
| choke me
| #endif
| 
| int
| main ()
| {
| return pthread_condattr_setclock ();
|   ;
|   return 0;
| }
configure:7181: result: no
configure:7190: checking whether CLOCK_MONOTONIC is declared
configure:7190: /usr/bin/cc -c -Wno-format-nonliteral -isysroot /Library/Developer/CommandLineTools/SDKs/MacOSX.sdk -O3 -D_THREAD_SAFE -pthread  conftest.c >&5
configure:7190: $? = 0
configure:7190: result: yes
configure:7273: checking how to print strings
configure:7300: result: printf
configure:7321: checking for a sed that does not truncate output
configure:7385: result: /usr/bin/sed
configure:7403: checking for fgrep
configure:7465: result: /usr/bin/grep -F
configure:7500: checking for ld used by /usr/bin/cc
configure:7567: result: /Library/Developer/CommandLineTools/usr/bin/ld
configure:7574: checking if the linker (/Library/Developer/CommandLineTools/usr/bin/ld) is GNU ld
configure:7589: result: no
configure:7601: checking for BSD- or MS-compatible name lister (nm)
configure:7655: result: /usr/bin/nm -B
configure:7785: checking the name lister (/usr/bin/nm -B) interface
configure:7792: /usr/bin/cc -c -Wno-format-nonliteral -isysroot /Library/Developer/CommandLineTools/SDKs/MacOSX.sdk -O3  conftest.c >&5
configure:7795: /usr/bin/nm -B "conftest.o"
configure:7798: output
0000000000000000 S _some_variable
0000000000000000 t ltmp0
0000000000000000 s ltmp1
configure:7805: result: BSD nm
configure:7809: checking the maximum length of command line arguments
configure:7940: result: 786432
configure:7988: checking how to convert arm-apple-darwin25.2.0 file names to arm-apple-darwin25.2.0 format
configure:8028: result: func_convert_file_noop
configure:8035: checking how to convert arm-apple-darwin25.2.0 file names to toolchain format
configure:8055: result: func_convert_file_noop
configure:8062: checking for /Library/Developer/CommandLineTools/usr/bin/ld option to reload object files
configure:8069: result: -r
configure:8143: checking for objdump
configure:8159: found /usr/bin/objdump
configure:8170: result: objdump
configure:8199: checking how to recognize dependent libraries
configure:8399: result: pass_all
configure:8484: checking for dlltool
configure:8514: result: no
configure:8541: checking how to associate runtime and link libraries
configure:8568: result: printf %s\n
configure:8628: checking for ar
configure:8644: found /usr/bin/ar
configure:8655: result: ar
configure:8708: checking for archiver @FILE support
configure:8725: /usr/bin/cc -c -Wno-format-nonliteral -isysroot /Library/Developer/CommandLineTools/SDKs/MacOSX.sdk -O3  conftest.c >&5
configure:8725: $? = 0
configure:8728: ar cr libconftest.a @conftest.lst >&5
ar: @conftest.lst: No such file or directory
configure:8731: $? = 1
configure:8751: result: no
configure:8809: checking for strip
configure:8825: found /usr/bin/strip
configure:8836: result: strip
configure:8908: checking for ranlib
configure:8924: found /usr/bin/ranlib
configure:8935: result: ranlib
configure:9037: checking command to parse /usr/bin/nm -B output from /usr/bin/cc object
configure:9190: /usr/bin/cc -c -Wno-format-nonliteral -isysroot /Library/Developer/CommandLineTools/SDKs/MacOSX.sdk -O3  conftest.c >&5
configure:9193: $? = 0
configure:9197: /usr/bin/nm -B conftest.o \| sed -n -e 's/^.*[ ]\([ABCDGIRSTW][ABCDGIRSTW]*\)[ ][ ]*\([_A-Za-z][_A-Za-z0-9]*\)$/\1 \2 \2/p' | sed '/ __gnu_lto/d' \> conftest.nm
configure:9200: $? = 0
cannot find nm_test_var in conftest.nm
configure:9190: /usr/bin/cc -c -Wno-format-nonliteral -isysroot /Library/Developer/CommandLineTools/SDKs/MacOSX.sdk -O3  conftest.c >&5
configure:9193: $? = 0
configure:9197: /usr/bin/nm -B conftest.o \| sed -n -e 's/^.*[ ]\([ABCDGIRSTW][ABCDGIRSTW]*\)[ ][ ]*_\([_A-Za-z][_A-Za-z0-9]*\)$/\1 _\2 \2/p' | sed '/ __gnu_lto/d' \> conftest.nm
configure:9200: $? = 0
configure:9266: /usr/bin/cc -o conftest -Wno-format-nonliteral -isysroot /Library/Developer/CommandLineTools/SDKs/MacOSX.sdk -O3  -Qunused-arguments conftest.c conftstm.o >&5
configure:9269: $? = 0
configure:9307: result: ok
configure:9354: checking for sysroot
configure:9384: result: no
configure:9391: checking for a working dd
configure:9429: result: /bin/dd
configure:9433: checking how to truncate binary pipes
configure:9448: result: /bin/dd bs=4096 count=1
configure:9777: checking for mt
configure:9807: result: no
configure:9827: checking if : is a manifest tool
configure:9833: : '-?'
configure:9841: result: no
configure:9897: checking for dsymutil
configure:9913: found /usr/bin/dsymutil
configure:9924: result: dsymutil
configure:9989: checking for nmedit
configure:10005: found /usr/bin/nmedit
configure:10016: result: nmedit
configure:10081: checking for lipo
configure:10097: found /usr/bin/lipo
configure:10108: result: lipo
configure:10173: checking for otool
configure:10189: found /usr/bin/otool
configure:10200: result: otool
configure:10265: checking for otool64
configure:10295: result: no
configure:10340: checking for -single_module linker flag
/usr/bin/cc -Wno-format-nonliteral -isysroot /Library/Developer/CommandLineTools/SDKs/MacOSX.sdk -O3 -Qunused-arguments -o libconftest.dylib -dynamiclib -Wl,-single_module conftest.c
ld: warning: -single_module is obsolete
configure:10373: result: no
configure:10376: checking for -exported_symbols_list linker flag
configure:10396: /usr/bin/cc -o conftest -Wno-format-nonliteral -isysroot /Library/Developer/CommandLineTools/SDKs/MacOSX.sdk -O3  -Qunused-arguments -Wl,-exported_symbols_list,conftest.sym conftest.c   >&5
configure:10396: $? = 0
configure:10406: result: yes
configure:10409: checking for -force_load linker flag
/usr/bin/cc -Wno-format-nonliteral -isysroot /Library/Developer/CommandLineTools/SDKs/MacOSX.sdk -O3 -c -o conftest.o conftest.c
ar cr libconftest.a conftest.o
ranlib libconftest.a
/usr/bin/cc -Wno-format-nonliteral -isysroot /Library/Developer/CommandLineTools/SDKs/MacOSX.sdk -O3 -Qunused-arguments -o conftest conftest.c -Wl,-force_load,./libconftest.a
configure:10441: result: yes
configure:10515: checking for dlfcn.h
configure:10515: /usr/bin/cc -c -Wno-format-nonliteral -isysroot /Library/Developer/CommandLineTools/SDKs/MacOSX.sdk -O3  conftest.c >&5
configure:10515: $? = 0
configure:10515: result: yes
configure:11069: checking for objdir
configure:11084: result: .libs
configure:11348: checking if /usr/bin/cc supports -fno-rtti -fno-exceptions
configure:11366: /usr/bin/cc -c -Wno-format-nonliteral -isysroot /Library/Developer/CommandLineTools/SDKs/MacOSX.sdk -O3  -fno-rtti -fno-exceptions conftest.c >&5
configure:11370: $? = 0
configure:11383: result: yes
configure:11741: checking for /usr/bin/cc option to produce PIC
configure:11748: result: -fno-common -DPIC
configure:11756: checking if /usr/bin/cc PIC flag -fno-common -DPIC works
configure:11774: /usr/bin/cc -c -Wno-format-nonliteral -isysroot /Library/Developer/CommandLineTools/SDKs/MacOSX.sdk -O3  -fno-common -DPIC -DPIC conftest.c >&5
configure:11778: $? = 0
configure:11791: result: yes
configure:11820: checking if /usr/bin/cc static flag -static works
configure:11848: result: no
configure:11863: checking if /usr/bin/cc supports -c -o file.o
configure:11884: /usr/bin/cc -c -Wno-format-nonliteral -isysroot /Library/Developer/CommandLineTools/SDKs/MacOSX.sdk -O3  -o out/conftest2.o conftest.c >&5
configure:11888: $? = 0
configure:11910: result: yes
configure:11918: checking if /usr/bin/cc supports -c -o file.o
configure:11965: result: yes
configure:11998: checking whether the /usr/bin/cc linker (/Library/Developer/CommandLineTools/usr/bin/ld) supports shared libraries
configure:13259: result: yes
configure:13499: checking dynamic linker characteristics
configure:14317: result: darwin25.2.0 dyld
configure:14439: checking how to hardcode library paths into programs
configure:14464: result: immediate
configure:15012: checking whether stripping libraries is possible
configure:15029: result: yes
configure:15063: checking if libtool supports shared libraries
configure:15065: result: yes
configure:15068: checking whether to build shared libraries
configure:15093: result: no
configure:15096: checking whether to build static libraries
configure:15100: result: yes
configure:15180: checking for windres
configure:15210: result: no
configure:15330: checking whether NLS is requested
configure:15339: result: yes
configure:15379: checking for msgfmt
configure:15414: result: no
configure:15420: checking for gmsgfmt
configure:15451: result: :
configure:15501: checking for xgettext
configure:15536: result: no
configure:15578: checking for msgmerge
configure:15612: result: no
configure:15667: checking for ld used by /usr/bin/cc
configure:15734: result: /Library/Developer/CommandLineTools/usr/bin/ld
configure:15741: checking if the linker (/Library/Developer/CommandLineTools/usr/bin/ld) is GNU ld
configure:15756: result: no
configure:15763: checking for shared library run path origin
configure:15776: result: done
configure:16348: checking for CFPreferencesCopyAppValue
configure:16366: /usr/bin/cc -o conftest -Wno-format-nonliteral -isysroot /Library/Developer/CommandLineTools/SDKs/MacOSX.sdk -O3  -Qunused-arguments conftest.c   -Wl,-framework -Wl,CoreFoundation >&5
conftest.c:66:27: warning: null passed to a callee that requires a non-null argument [-Wnonnull]
   66 | CFPreferencesCopyAppValue(NULL, NULL)
      |                           ^~~~
/Library/Developer/CommandLineTools/usr/lib/clang/17/include/__stddef_null.h:26:14: note: expanded from macro 'NULL'
   26 | #define NULL ((void*)0)
      |              ^~~~~~~~~~
conftest.c:66:33: warning: null passed to a callee that requires a non-null argument [-Wnonnull]
   66 | CFPreferencesCopyAppValue(NULL, NULL)
      |                                 ^~~~
/Library/Developer/CommandLineTools/usr/lib/clang/17/include/__stddef_null.h:26:14: note: expanded from macro 'NULL'
   26 | #define NULL ((void*)0)
      |              ^~~~~~~~~~
2 warnings generated.
configure:16366: $? = 0
configure:16375: result: yes
configure:16382: checking for CFLocaleCopyCurrent
configure:16400: /usr/bin/cc -o conftest -Wno-format-nonliteral -isysroot /Library/Developer/CommandLineTools/SDKs/MacOSX.sdk -O3  -Qunused-arguments conftest.c   -Wl,-framework -Wl,CoreFoundation >&5
configure:16400: $? = 0
configure:16409: result: yes
configure:16458: checking for GNU gettext in libc
configure:16482: /usr/bin/cc -o conftest -Wno-format-nonliteral -isysroot /Library/Developer/CommandLineTools/SDKs/MacOSX.sdk -O3  -Qunused-arguments conftest.c   >&5
conftest.c:65:10: fatal error: 'libintl.h' file not found
   65 | #include <libintl.h>
      |          ^~~~~~~~~~~
1 error generated.
configure:16482: $? = 1
configure: failed program was:
| /* confdefs.h */
| #define PACKAGE_NAME "XZ Utils"
| #define PACKAGE_TARNAME "xz"
| #define PACKAGE_VERSION "5.2.4"
| #define PACKAGE_STRING "XZ Utils 5.2.4"
| #define PACKAGE_BUGREPORT "lasse.collin@tukaani.org"
| #define PACKAGE_URL "https://tukaani.org/xz/"
| #define NDEBUG 1
| #define HAVE_ENCODER_LZMA1 1
| #define HAVE_ENCODER_LZMA2 1
| #define HAVE_ENCODER_DELTA 1
| #define HAVE_ENCODER_X86 1
| #define HAVE_ENCODER_POWERPC 1
| #define HAVE_ENCODER_IA64 1
| #define HAVE_ENCODER_ARM 1
| #define HAVE_ENCODER_ARMTHUMB 1
| #define HAVE_ENCODER_SPARC 1
| #define HAVE_ENCODERS 1
| #define HAVE_DECODER_LZMA1 1
| #define HAVE_DECODER_LZMA2 1
| #define HAVE_DECODER_DELTA 1
| #define HAVE_DECODER_X86 1
| #define HAVE_DECODER_POWERPC 1
| #define HAVE_DECODER_IA64 1
| #define HAVE_DECODER_ARM 1
| #define HAVE_DECODER_ARMTHUMB 1
| #define HAVE_DECODER_SPARC 1
| #define HAVE_DECODERS 1
| #define HAVE_MF_HC3 1
| #define HAVE_MF_HC4 1
| #define HAVE_MF_BT2 1
| #define HAVE_MF_BT3 1
| #define HAVE_MF_BT4 1
| #define HAVE_CHECK_CRC32 1
| #define HAVE_CHECK_CRC64 1
| #define HAVE_CHECK_SHA256 1
| #define ASSUME_RAM 128
| #define PACKAGE "xz"
| #define VERSION "5.2.4"
| #define STDC_HEADERS 1
| #define HAVE_SYS_TYPES_H 1
| #define HAVE_SYS_STAT_H 1
| #define HAVE_STDLIB_H 1
| #define HAVE_STRING_H 1
| #define HAVE_MEMORY_H 1
| #define HAVE_STRINGS_H 1
| #define HAVE_INTTYPES_H 1
| #define HAVE_STDINT_H 1
| #define HAVE_UNISTD_H 1
| #define __EXTENSIONS__ 1
| #define _ALL_SOURCE 1
| #define _GNU_SOURCE 1
| #define _POSIX_PTHREAD_SEMANTICS 1
| #define _TANDEM_SOURCE 1
| #define HAVE_PTHREAD_PRIO_INHERIT 1
| #define MYTHREAD_POSIX 1
| #define HAVE_CLOCK_GETTIME 1
| #define HAVE_DECL_CLOCK_MONOTONIC 1
| #define HAVE_DLFCN_H 1
| #define LT_OBJDIR ".libs/"
| #define HAVE_CFPREFERENCESCOPYAPPVALUE 1
| #define HAVE_CFLOCALECOPYCURRENT 1
| /* end confdefs.h.  */
| 
| #include <libintl.h>
| 
| extern int _nl_msg_cat_cntr;
| extern int *_nl_domain_bindings;
| 
| int
| main ()
| {
| 
| bindtextdomain ("", "");
| return * gettext ("") + _nl_msg_cat_cntr + *_nl_domain_bindings
| 
|   ;
|   return 0;
| }
configure:16491: result: no
configure:16525: checking for iconv
configure:16549: /usr/bin/cc -o conftest -Wno-format-nonliteral -isysroot /Library/Developer/CommandLineTools/SDKs/MacOSX.sdk -O3  -Qunused-arguments conftest.c   >&5
Undefined symbols for architecture arm64:
  "_iconv", referenced from:
      _main in conftest-ad10c3.o
  "_iconv_close", referenced from:
      _main in conftest-ad10c3.o
  "_iconv_open", referenced from:
      _main in conftest-ad10c3.o
ld: symbol(s) not found for architecture arm64
clang: error: linker command failed with exit code 1 (use -v to see invocation)
configure:16549: $? = 1
configure: failed program was:
| /* confdefs.h */
| #define PACKAGE_NAME "XZ Utils"
| #define PACKAGE_TARNAME "xz"
| #define PACKAGE_VERSION "5.2.4"
| #define PACKAGE_STRING "XZ Utils 5.2.4"
| #define PACKAGE_BUGREPORT "lasse.collin@tukaani.org"
| #define PACKAGE_URL "https://tukaani.org/xz/"
| #define NDEBUG 1
| #define HAVE_ENCODER_LZMA1 1
| #define HAVE_ENCODER_LZMA2 1
| #define HAVE_ENCODER_DELTA 1
| #define HAVE_ENCODER_X86 1
| #define HAVE_ENCODER_POWERPC 1
| #define HAVE_ENCODER_IA64 1
| #define HAVE_ENCODER_ARM 1
| #define HAVE_ENCODER_ARMTHUMB 1
| #define HAVE_ENCODER_SPARC 1
| #define HAVE_ENCODERS 1
| #define HAVE_DECODER_LZMA1 1
| #define HAVE_DECODER_LZMA2 1
| #define HAVE_DECODER_DELTA 1
| #define HAVE_DECODER_X86 1
| #define HAVE_DECODER_POWERPC 1
| #define HAVE_DECODER_IA64 1
| #define HAVE_DECODER_ARM 1
| #define HAVE_DECODER_ARMTHUMB 1
| #define HAVE_DECODER_SPARC 1
| #define HAVE_DECODERS 1
| #define HAVE_MF_HC3 1
| #define HAVE_MF_HC4 1
| #define HAVE_MF_BT2 1
| #define HAVE_MF_BT3 1
| #define HAVE_MF_BT4 1
| #define HAVE_CHECK_CRC32 1
| #define HAVE_CHECK_CRC64 1
| #define HAVE_CHECK_SHA256 1
| #define ASSUME_RAM 128
| #define PACKAGE "xz"
| #define VERSION "5.2.4"
| #define STDC_HEADERS 1
| #define HAVE_SYS_TYPES_H 1
| #define HAVE_SYS_STAT_H 1
| #define HAVE_STDLIB_H 1
| #define HAVE_STRING_H 1
| #define HAVE_MEMORY_H 1
| #define HAVE_STRINGS_H 1
| #define HAVE_INTTYPES_H 1
| #define HAVE_STDINT_H 1
| #define HAVE_UNISTD_H 1
| #define __EXTENSIONS__ 1
| #define _ALL_SOURCE 1
| #define _GNU_SOURCE 1
| #define _POSIX_PTHREAD_SEMANTICS 1
| #define _TANDEM_SOURCE 1
| #define HAVE_PTHREAD_PRIO_INHERIT 1
| #define MYTHREAD_POSIX 1
| #define HAVE_CLOCK_GETTIME 1
| #define HAVE_DECL_CLOCK_MONOTONIC 1
| #define HAVE_DLFCN_H 1
| #define LT_OBJDIR ".libs/"
| #define HAVE_CFPREFERENCESCOPYAPPVALUE 1
| #define HAVE_CFLOCALECOPYCURRENT 1
| /* end confdefs.h.  */
| 
| #include <stdlib.h>
| #include <iconv.h>
| 
| int
| main ()
| {
| iconv_t cd = iconv_open("","");
|            iconv(cd,NULL,NULL,NULL,NULL);
|            iconv_close(cd);
|   ;
|   return 0;
| }
configure:16573: /usr/bin/cc -o conftest -Wno-format-nonliteral -isysroot /Library/Developer/CommandLineTools/SDKs/MacOSX.sdk -O3  -Qunused-arguments conftest.c   -liconv >&5
configure:16573: $? = 0
configure:16583: result: yes
configure:16586: checking for working iconv
configure:16706: /usr/bin/cc -o conftest -Wno-format-nonliteral -isysroot /Library/Developer/CommandLineTools/SDKs/MacOSX.sdk -O3  -Qunused-arguments conftest.c   -liconv >&5
configure:16706: $? = 0
configure:16706: ./conftest
configure:16706: $? = 0
configure:16718: result: yes
configure:16733: checking how to link with libiconv
configure:16735: result: -liconv
configure:17207: checking for GNU gettext in libintl
configure:17239: /usr/bin/cc -o conftest -Wno-format-nonliteral -isysroot /Library/Developer/CommandLineTools/SDKs/MacOSX.sdk -O3   -Qunused-arguments conftest.c   -lintl >&5
conftest.c:66:10: fatal error: 'libintl.h' file not found
   66 | #include <libintl.h>
      |          ^~~~~~~~~~~
1 error generated.
configure:17239: $? = 1
configure: failed program was:
| /* confdefs.h */
| #define PACKAGE_NAME "XZ Utils"
| #define PACKAGE_TARNAME "xz"
| #define PACKAGE_VERSION "5.2.4"
| #define PACKAGE_STRING "XZ Utils 5.2.4"
| #define PACKAGE_BUGREPORT "lasse.collin@tukaani.org"
| #define PACKAGE_URL "https://tukaani.org/xz/"
| #define NDEBUG 1
| #define HAVE_ENCODER_LZMA1 1
| #define HAVE_ENCODER_LZMA2 1
| #define HAVE_ENCODER_DELTA 1
| #define HAVE_ENCODER_X86 1
| #define HAVE_ENCODER_POWERPC 1
| #define HAVE_ENCODER_IA64 1
| #define HAVE_ENCODER_ARM 1
| #define HAVE_ENCODER_ARMTHUMB 1
| #define HAVE_ENCODER_SPARC 1
| #define HAVE_ENCODERS 1
| #define HAVE_DECODER_LZMA1 1
| #define HAVE_DECODER_LZMA2 1
| #define HAVE_DECODER_DELTA 1
| #define HAVE_DECODER_X86 1
| #define HAVE_DECODER_POWERPC 1
| #define HAVE_DECODER_IA64 1
| #define HAVE_DECODER_ARM 1
| #define HAVE_DECODER_ARMTHUMB 1
| #define HAVE_DECODER_SPARC 1
| #define HAVE_DECODERS 1
| #define HAVE_MF_HC3 1
| #define HAVE_MF_HC4 1
| #define HAVE_MF_BT2 1
| #define HAVE_MF_BT3 1
| #define HAVE_MF_BT4 1
| #define HAVE_CHECK_CRC32 1
| #define HAVE_CHECK_CRC64 1
| #define HAVE_CHECK_SHA256 1
| #define ASSUME_RAM 128
| #define PACKAGE "xz"
| #define VERSION "5.2.4"
| #define STDC_HEADERS 1
| #define HAVE_SYS_TYPES_H 1
| #define HAVE_SYS_STAT_H 1
| #define HAVE_STDLIB_H 1
| #define HAVE_STRING_H 1
| #define HAVE_MEMORY_H 1
| #define HAVE_STRINGS_H 1
| #define HAVE_INTTYPES_H 1
| #define HAVE_STDINT_H 1
| #define HAVE_UNISTD_H 1
| #define __EXTENSIONS__ 1
| #define _ALL_SOURCE 1
| #define _GNU_SOURCE 1
| #define _POSIX_PTHREAD_SEMANTICS 1
| #define _TANDEM_SOURCE 1
| #define HAVE_PTHREAD_PRIO_INHERIT 1
| #define MYTHREAD_POSIX 1
| #define HAVE_CLOCK_GETTIME 1
| #define HAVE_DECL_CLOCK_MONOTONIC 1
| #define HAVE_DLFCN_H 1
| #define LT_OBJDIR ".libs/"
| #define HAVE_CFPREFERENCESCOPYAPPVALUE 1
| #define HAVE_CFLOCALECOPYCURRENT 1
| #define HAVE_ICONV 1
| /* end confdefs.h.  */
| 
| #include <libintl.h>
| 
| extern int _nl_msg_cat_cntr;
| extern
| #ifdef __cplusplus
| "C"
| #endif
| const char *_nl_expand_alias (const char *);
| 
| int
| main ()
| {
| 
| bindtextdomain ("", "");
| return * gettext ("") + _nl_msg_cat_cntr + *_nl_expand_alias ("")
| 
|   ;
|   return 0;
| }
configure:17271: /usr/bin/cc -o conftest -Wno-format-nonliteral -isysroot /Library/Developer/CommandLineTools/SDKs/MacOSX.sdk -O3   -Qunused-arguments conftest.c   -lintl -liconv >&5
conftest.c:66:10: fatal error: 'libintl.h' file not found
   66 | #include <libintl.h>
      |          ^~~~~~~~~~~
1 error generated.
configure:17271: $? = 1
configure: failed program was:
| /* confdefs.h */
| #define PACKAGE_NAME "XZ Utils"
| #define PACKAGE_TARNAME "xz"
| #define PACKAGE_VERSION "5.2.4"
| #define PACKAGE_STRING "XZ Utils 5.2.4"
| #define PACKAGE_BUGREPORT "lasse.collin@tukaani.org"
| #define PACKAGE_URL "https://tukaani.org/xz/"
| #define NDEBUG 1
| #define HAVE_ENCODER_LZMA1 1
| #define HAVE_ENCODER_LZMA2 1
| #define HAVE_ENCODER_DELTA 1
| #define HAVE_ENCODER_X86 1
| #define HAVE_ENCODER_POWERPC 1
| #define HAVE_ENCODER_IA64 1
| #define HAVE_ENCODER_ARM 1
| #define HAVE_ENCODER_ARMTHUMB 1
| #define HAVE_ENCODER_SPARC 1
| #define HAVE_ENCODERS 1
| #define HAVE_DECODER_LZMA1 1
| #define HAVE_DECODER_LZMA2 1
| #define HAVE_DECODER_DELTA 1
| #define HAVE_DECODER_X86 1
| #define HAVE_DECODER_POWERPC 1
| #define HAVE_DECODER_IA64 1
| #define HAVE_DECODER_ARM 1
| #define HAVE_DECODER_ARMTHUMB 1
| #define HAVE_DECODER_SPARC 1
| #define HAVE_DECODERS 1
| #define HAVE_MF_HC3 1
| #define HAVE_MF_HC4 1
| #define HAVE_MF_BT2 1
| #define HAVE_MF_BT3 1
| #define HAVE_MF_BT4 1
| #define HAVE_CHECK_CRC32 1
| #define HAVE_CHECK_CRC64 1
| #define HAVE_CHECK_SHA256 1
| #define ASSUME_RAM 128
| #define PACKAGE "xz"
| #define VERSION "5.2.4"
| #define STDC_HEADERS 1
| #define HAVE_SYS_TYPES_H 1
| #define HAVE_SYS_STAT_H 1
| #define HAVE_STDLIB_H 1
| #define HAVE_STRING_H 1
| #define HAVE_MEMORY_H 1
| #define HAVE_STRINGS_H 1
| #define HAVE_INTTYPES_H 1
| #define HAVE_STDINT_H 1
| #define HAVE_UNISTD_H 1
| #define __EXTENSIONS__ 1
| #define _ALL_SOURCE 1
| #define _GNU_SOURCE 1
| #define _POSIX_PTHREAD_SEMANTICS 1
| #define _TANDEM_SOURCE 1
| #define HAVE_PTHREAD_PRIO_INHERIT 1
| #define MYTHREAD_POSIX 1
| #define HAVE_CLOCK_GETTIME 1
| #define HAVE_DECL_CLOCK_MONOTONIC 1
| #define HAVE_DLFCN_H 1
| #define LT_OBJDIR ".libs/"
| #define HAVE_CFPREFERENCESCOPYAPPVALUE 1
| #define HAVE_CFLOCALECOPYCURRENT 1
| #define HAVE_ICONV 1
| /* end confdefs.h.  */
| 
| #include <libintl.h>
| 
| extern int _nl_msg_cat_cntr;
| extern
| #ifdef __cplusplus
| "C"
| #endif
| const char *_nl_expand_alias (const char *);
| 
| int
| main ()
| {
| 
| bindtextdomain ("", "");
| return * gettext ("") + _nl_msg_cat_cntr + *_nl_expand_alias ("")
| 
|   ;
|   return 0;
| }
configure:17284: result: no
configure:17319: checking whether to use NLS
configure:17321: result: no
configure:17406: checking fcntl.h usability
configure:17406: /usr/bin/cc -c -Wno-format-nonliteral -isysroot /Library/Developer/CommandLineTools/SDKs/MacOSX.sdk -O3  conftest.c >&5
configure:17406: $? = 0
configure:17406: result: yes
configure:17406: checking fcntl.h presence
configure:17406: /usr/bin/cc -E  conftest.c
configure:17406: $? = 0
configure:17406: result: yes
configure:17406: checking for fcntl.h
configure:17406: result: yes
configure:17406: checking limits.h usability
configure:17406: /usr/bin/cc -c -Wno-format-nonliteral -isysroot /Library/Developer/CommandLineTools/SDKs/MacOSX.sdk -O3  conftest.c >&5
configure:17406: $? = 0
configure:17406: result: yes
configure:17406: checking limits.h presence
configure:17406: /usr/bin/cc -E  conftest.c
configure:17406: $? = 0
configure:17406: result: yes
configure:17406: checking for limits.h
configure:17406: result: yes
configure:17406: checking sys/time.h usability
configure:17406: /usr/bin/cc -c -Wno-format-nonliteral -isysroot /Library/Developer/CommandLineTools/SDKs/MacOSX.sdk -O3  conftest.c >&5
configure:17406: $? = 0
configure:17406: result: yes
configure:17406: checking sys/time.h presence
configure:17406: /usr/bin/cc -E  conftest.c
configure:17406: $? = 0
configure:17406: result: yes
configure:17406: checking for sys/time.h
configure:17406: result: yes
configure:17422: checking immintrin.h usability
configure:17422: /usr/bin/cc -c -Wno-format-nonliteral -isysroot /Library/Developer/CommandLineTools/SDKs/MacOSX.sdk -O3  conftest.c >&5
In file included from conftest.c:101:
/Library/Developer/CommandLineTools/usr/lib/clang/17/include/immintrin.h:14:2: error: "This header is only meant to be used on x86 and x64 architecture"
   14 | #error "This header is only meant to be used on x86 and x64 architecture"
      |  ^
In file included from conftest.c:101:
In file included from /Library/Developer/CommandLineTools/usr/lib/clang/17/include/immintrin.h:17:
In file included from /Library/Developer/CommandLineTools/usr/lib/clang/17/include/x86gprintrin.h:14:
/Library/Developer/CommandLineTools/usr/lib/clang/17/include/hresetintrin.h:42:27: error: invalid input constraint 'a' in asm
   42 |   __asm__ ("hreset $0" :: "a"(__eax));
      |                           ^
In file included from conftest.c:101:
In file included from /Library/Developer/CommandLineTools/usr/lib/clang/17/include/immintrin.h:20:
/Library/Developer/CommandLineTools/usr/lib/clang/17/include/mmintrin.h:14:2: error: "This header is only meant to be used on x86 and x64 architecture"
   14 | #error "This header is only meant to be used on x86 and x64 architecture"
      |  ^
/Library/Developer/CommandLineTools/usr/lib/clang/17/include/mmintrin.h:56:12: error: invalid conversion between vector type '__m64' (vector of 1 'long long' value) and integer type 'int' of different size
   56 |     return (__m64)__builtin_ia32_vec_init_v2si(__i, 0);
      |            ^~~~~~~~~~~~~~~~~~~~~~~~~~~~~~~~~~~~~~~~~~~
/Library/Developer/CommandLineTools/usr/lib/clang/17/include/mmintrin.h:130:12: error: invalid conversion between vector type '__m64' (vector of 1 'long long' value) and integer type 'int' of different size
  130 |     return (__m64)__builtin_ia32_packsswb((__v4hi)__m1, (__v4hi)__m2);
      |            ^~~~~~~~~~~~~~~~~~~~~~~~~~~~~~~~~~~~~~~~~~~~~~~~~~~~~~~~~~
/Library/Developer/CommandLineTools/usr/lib/clang/17/include/mmintrin.h:155:12: error: invalid conversion between vector type '__m64' (vector of 1 'long long' value) and integer type 'int' of different size
  155 |     return (__m64)__builtin_ia32_packssdw((__v2si)__m1, (__v2si)__m2);
      |            ^~~~~~~~~~~~~~~~~~~~~~~~~~~~~~~~~~~~~~~~~~~~~~~~~~~~~~~~~~
/Library/Developer/CommandLineTools/usr/lib/clang/17/include/mmintrin.h:180:12: error: invalid conversion between vector type '__m64' (vector of 1 'long long' value) and integer type 'int' of different size
  180 |     return (__m64)__builtin_ia32_packuswb((__v4hi)__m1, (__v4hi)__m2);
      |            ^~~~~~~~~~~~~~~~~~~~~~~~~~~~~~~~~~~~~~~~~~~~~~~~~~~~~~~~~~
/Library/Developer/CommandLineTools/usr/lib/clang/17/include/mmintrin.h:207:12: error: invalid conversion between vector type '__m64' (vector of 1 'long long' value) and integer type 'int' of different size
  207 |     return (__m64)__builtin_ia32_punpckhbw((__v8qi)__m1, (__v8qi)__m2);
      |            ^~~~~~~~~~~~~~~~~~~~~~~~~~~~~~~~~~~~~~~~~~~~~~~~~~~~~~~~~~~
/Library/Developer/CommandLineTools/usr/lib/clang/17/include/mmintrin.h:230:12: error: invalid conversion between vector type '__m64' (vector of 1 'long long' value) and integer type 'int' of different size
  230 |     return (__m64)__builtin_ia32_punpckhwd((__v4hi)__m1, (__v4hi)__m2);
      |            ^~~~~~~~~~~~~~~~~~~~~~~~~~~~~~~~~~~~~~~~~~~~~~~~~~~~~~~~~~~
/Library/Developer/CommandLineTools/usr/lib/clang/17/include/mmintrin.h:251:12: error: invalid conversion between vector type '__m64' (vector of 1 'long long' value) and integer type 'int' of different size
  251 |     return (__m64)__builtin_ia32_punpckhdq((__v2si)__m1, (__v2si)__m2);
      |            ^~~~~~~~~~~~~~~~~~~~~~~~~~~~~~~~~~~~~~~~~~~~~~~~~~~~~~~~~~~
/Library/Developer/CommandLineTools/usr/lib/clang/17/include/mmintrin.h:278:12: error: invalid conversion between vector type '__m64' (vector of 1 'long long' value) and integer type 'int' of different size
  278 |     return (__m64)__builtin_ia32_punpcklbw((__v8qi)__m1, (__v8qi)__m2);
      |            ^~~~~~~~~~~~~~~~~~~~~~~~~~~~~~~~~~~~~~~~~~~~~~~~~~~~~~~~~~~
/Library/Developer/CommandLineTools/usr/lib/clang/17/include/mmintrin.h:301:12: error: invalid conversion between vector type '__m64' (vector of 1 'long long' value) and integer type 'int' of different size
  301 |     return (__m64)__builtin_ia32_punpcklwd((__v4hi)__m1, (__v4hi)__m2);
      |            ^~~~~~~~~~~~~~~~~~~~~~~~~~~~~~~~~~~~~~~~~~~~~~~~~~~~~~~~~~~
/Library/Developer/CommandLineTools/usr/lib/clang/17/include/mmintrin.h:322:12: error: invalid conversion between vector type '__m64' (vector of 1 'long long' value) and integer type 'int' of different size
  322 |     return (__m64)__builtin_ia32_punpckldq((__v2si)__m1, (__v2si)__m2);
      |            ^~~~~~~~~~~~~~~~~~~~~~~~~~~~~~~~~~~~~~~~~~~~~~~~~~~~~~~~~~~
/Library/Developer/CommandLineTools/usr/lib/clang/17/include/mmintrin.h:343:12: error: invalid conversion between vector type '__m64' (vector of 1 'long long' value) and integer type 'int' of different size
  343 |     return (__m64)__builtin_ia32_paddb((__v8qi)__m1, (__v8qi)__m2);
      |            ^~~~~~~~~~~~~~~~~~~~~~~~~~~~~~~~~~~~~~~~~~~~~~~~~~~~~~~
/Library/Developer/CommandLineTools/usr/lib/clang/17/include/mmintrin.h:364:12: error: invalid conversion between vector type '__m64' (vector of 1 'long long' value) and integer type 'int' of different size
  364 |     return (__m64)__builtin_ia32_paddw((__v4hi)__m1, (__v4hi)__m2);
      |            ^~~~~~~~~~~~~~~~~~~~~~~~~~~~~~~~~~~~~~~~~~~~~~~~~~~~~~~
/Library/Developer/CommandLineTools/usr/lib/clang/17/include/mmintrin.h:385:12: error: invalid conversion between vector type '__m64' (vector of 1 'long long' value) and integer type 'int' of different size
  385 |     return (__m64)__builtin_ia32_paddd((__v2si)__m1, (__v2si)__m2);
      |            ^~~~~~~~~~~~~~~~~~~~~~~~~~~~~~~~~~~~~~~~~~~~~~~~~~~~~~~
/Library/Developer/CommandLineTools/usr/lib/clang/17/include/mmintrin.h:409:12: error: invalid conversion between vector type '__m64' (vector of 1 'long long' value) and integer type 'int' of different size
  409 |     return (__m64)__builtin_ia32_paddsb((__v8qi)__m1, (__v8qi)__m2);
      |            ^~~~~~~~~~~~~~~~~~~~~~~~~~~~~~~~~~~~~~~~~~~~~~~~~~~~~~~~
/Library/Developer/CommandLineTools/usr/lib/clang/17/include/mmintrin.h:433:12: error: invalid conversion between vector type '__m64' (vector of 1 'long long' value) and integer type 'int' of different size
  433 |     return (__m64)__builtin_ia32_paddsw((__v4hi)__m1, (__v4hi)__m2);
      |            ^~~~~~~~~~~~~~~~~~~~~~~~~~~~~~~~~~~~~~~~~~~~~~~~~~~~~~~~
/Library/Developer/CommandLineTools/usr/lib/clang/17/include/mmintrin.h:456:12: error: invalid conversion between vector type '__m64' (vector of 1 'long long' value) and integer type 'int' of different size
  456 |     return (__m64)__builtin_ia32_paddusb((__v8qi)__m1, (__v8qi)__m2);
      |            ^~~~~~~~~~~~~~~~~~~~~~~~~~~~~~~~~~~~~~~~~~~~~~~~~~~~~~~~~
fatal error: too many errors emitted, stopping now [-ferror-limit=]
20 errors generated.
configure:17422: $? = 1
configure: failed program was:
| /* confdefs.h */
| #define PACKAGE_NAME "XZ Utils"
| #define PACKAGE_TARNAME "xz"
| #define PACKAGE_VERSION "5.2.4"
| #define PACKAGE_STRING "XZ Utils 5.2.4"
| #define PACKAGE_BUGREPORT "lasse.collin@tukaani.org"
| #define PACKAGE_URL "https://tukaani.org/xz/"
| #define NDEBUG 1
| #define HAVE_ENCODER_LZMA1 1
| #define HAVE_ENCODER_LZMA2 1
| #define HAVE_ENCODER_DELTA 1
| #define HAVE_ENCODER_X86 1
| #define HAVE_ENCODER_POWERPC 1
| #define HAVE_ENCODER_IA64 1
| #define HAVE_ENCODER_ARM 1
| #define HAVE_ENCODER_ARMTHUMB 1
| #define HAVE_ENCODER_SPARC 1
| #define HAVE_ENCODERS 1
| #define HAVE_DECODER_LZMA1 1
| #define HAVE_DECODER_LZMA2 1
| #define HAVE_DECODER_DELTA 1
| #define HAVE_DECODER_X86 1
| #define HAVE_DECODER_POWERPC 1
| #define HAVE_DECODER_IA64 1
| #define HAVE_DECODER_ARM 1
| #define HAVE_DECODER_ARMTHUMB 1
| #define HAVE_DECODER_SPARC 1
| #define HAVE_DECODERS 1
| #define HAVE_MF_HC3 1
| #define HAVE_MF_HC4 1
| #define HAVE_MF_BT2 1
| #define HAVE_MF_BT3 1
| #define HAVE_MF_BT4 1
| #define HAVE_CHECK_CRC32 1
| #define HAVE_CHECK_CRC64 1
| #define HAVE_CHECK_SHA256 1
| #define ASSUME_RAM 128
| #define PACKAGE "xz"
| #define VERSION "5.2.4"
| #define STDC_HEADERS 1
| #define HAVE_SYS_TYPES_H 1
| #define HAVE_SYS_STAT_H 1
| #define HAVE_STDLIB_H 1
| #define HAVE_STRING_H 1
| #define HAVE_MEMORY_H 1
| #define HAVE_STRINGS_H 1
| #define HAVE_INTTYPES_H 1
| #define HAVE_STDINT_H 1
| #define HAVE_UNISTD_H 1
| #define __EXTENSIONS__ 1
| #define _ALL_SOURCE 1
| #define _GNU_SOURCE 1
| #define _POSIX_PTHREAD_SEMANTICS 1
| #define _TANDEM_SOURCE 1
| #define HAVE_PTHREAD_PRIO_INHERIT 1
| #define MYTHREAD_POSIX 1
| #define HAVE_CLOCK_GETTIME 1
| #define HAVE_DECL_CLOCK_MONOTONIC 1
| #define HAVE_DLFCN_H 1
| #define LT_OBJDIR ".libs/"
| #define HAVE_CFPREFERENCESCOPYAPPVALUE 1
| #define HAVE_CFLOCALECOPYCURRENT 1
| #define HAVE_ICONV 1
| #define HAVE_FCNTL_H 1
| #define HAVE_LIMITS_H 1
| #define HAVE_SYS_TIME_H 1
| /* end confdefs.h.  */
| #include <stdio.h>
| #ifdef HAVE_SYS_TYPES_H
| # include <sys/types.h>
| #endif
| #ifdef HAVE_SYS_STAT_H
| # include <sys/stat.h>
| #endif
| #ifdef STDC_HEADERS
| # include <stdlib.h>
| # include <stddef.h>
| #else
| # ifdef HAVE_STDLIB_H
| #  include <stdlib.h>
| # endif
| #endif
| #ifdef HAVE_STRING_H
| # if !defined STDC_HEADERS && defined HAVE_MEMORY_H
| #  include <memory.h>
| # endif
| # include <string.h>
| #endif
| #ifdef HAVE_STRINGS_H
| # include <strings.h>
| #endif
| #ifdef HAVE_INTTYPES_H
| # include <inttypes.h>
| #endif
| #ifdef HAVE_STDINT_H
| # include <stdint.h>
| #endif
| #ifdef HAVE_UNISTD_H
| # include <unistd.h>
| #endif
| #include <immintrin.h>
configure:17422: result: no
configure:17422: checking immintrin.h presence
configure:17422: /usr/bin/cc -E  conftest.c
In file included from conftest.c:68:
/Library/Developer/CommandLineTools/usr/lib/clang/17/include/immintrin.h:14:2: error: "This header is only meant to be used on x86 and x64 architecture"
   14 | #error "This header is only meant to be used on x86 and x64 architecture"
      |  ^
In file included from conftest.c:68:
In file included from /Library/Developer/CommandLineTools/usr/lib/clang/17/include/immintrin.h:20:
/Library/Developer/CommandLineTools/usr/lib/clang/17/include/mmintrin.h:14:2: error: "This header is only meant to be used on x86 and x64 architecture"
   14 | #error "This header is only meant to be used on x86 and x64 architecture"
      |  ^
In file included from conftest.c:68:
In file included from /Library/Developer/CommandLineTools/usr/lib/clang/17/include/immintrin.h:24:
/Library/Developer/CommandLineTools/usr/lib/clang/17/include/xmmintrin.h:14:2: error: "This header is only meant to be used on x86 and x64 architecture"
   14 | #error "This header is only meant to be used on x86 and x64 architecture"
      |  ^
In file included from conftest.c:68:
In file included from /Library/Developer/CommandLineTools/usr/lib/clang/17/include/immintrin.h:28:
/Library/Developer/CommandLineTools/usr/lib/clang/17/include/emmintrin.h:14:2: error: "This header is only meant to be used on x86 and x64 architecture"
   14 | #error "This header is only meant to be used on x86 and x64 architecture"
      |  ^
In file included from conftest.c:68:
In file included from /Library/Developer/CommandLineTools/usr/lib/clang/17/include/immintrin.h:32:
/Library/Developer/CommandLineTools/usr/lib/clang/17/include/pmmintrin.h:14:2: error: "This header is only meant to be used on x86 and x64 architecture"
   14 | #error "This header is only meant to be used on x86 and x64 architecture"
      |  ^
In file included from conftest.c:68:
In file included from /Library/Developer/CommandLineTools/usr/lib/clang/17/include/immintrin.h:36:
/Library/Developer/CommandLineTools/usr/lib/clang/17/include/tmmintrin.h:14:2: error: "This header is only meant to be used on x86 and x64 architecture"
   14 | #error "This header is only meant to be used on x86 and x64 architecture"
      |  ^
In file included from conftest.c:68:
In file included from /Library/Developer/CommandLineTools/usr/lib/clang/17/include/immintrin.h:41:
/Library/Developer/CommandLineTools/usr/lib/clang/17/include/smmintrin.h:14:2: error: "This header is only meant to be used on x86 and x64 architecture"
   14 | #error "This header is only meant to be used on x86 and x64 architecture"
      |  ^
In file included from conftest.c:68:
In file included from /Library/Developer/CommandLineTools/usr/lib/clang/17/include/immintrin.h:46:
/Library/Developer/CommandLineTools/usr/lib/clang/17/include/wmmintrin.h:14:2: error: "This header is only meant to be used on x86 and x64 architecture"
   14 | #error "This header is only meant to be used on x86 and x64 architecture"
      |  ^
In file included from conftest.c:68:
In file included from /Library/Developer/CommandLineTools/usr/lib/clang/17/include/immintrin.h:581:
/Library/Developer/CommandLineTools/usr/lib/clang/17/include/adcintrin.h:14:2: error: "This header is only meant to be used on x86 and x64 architecture"
   14 | #error "This header is only meant to be used on x86 and x64 architecture"
      |  ^
9 errors generated.
configure:17422: $? = 1
configure: failed program was:
| /* confdefs.h */
| #define PACKAGE_NAME "XZ Utils"
| #define PACKAGE_TARNAME "xz"
| #define PACKAGE_VERSION "5.2.4"
| #define PACKAGE_STRING "XZ Utils 5.2.4"
| #define PACKAGE_BUGREPORT "lasse.collin@tukaani.org"
| #define PACKAGE_URL "https://tukaani.org/xz/"
| #define NDEBUG 1
| #define HAVE_ENCODER_LZMA1 1
| #define HAVE_ENCODER_LZMA2 1
| #define HAVE_ENCODER_DELTA 1
| #define HAVE_ENCODER_X86 1
| #define HAVE_ENCODER_POWERPC 1
| #define HAVE_ENCODER_IA64 1
| #define HAVE_ENCODER_ARM 1
| #define HAVE_ENCODER_ARMTHUMB 1
| #define HAVE_ENCODER_SPARC 1
| #define HAVE_ENCODERS 1
| #define HAVE_DECODER_LZMA1 1
| #define HAVE_DECODER_LZMA2 1
| #define HAVE_DECODER_DELTA 1
| #define HAVE_DECODER_X86 1
| #define HAVE_DECODER_POWERPC 1
| #define HAVE_DECODER_IA64 1
| #define HAVE_DECODER_ARM 1
| #define HAVE_DECODER_ARMTHUMB 1
| #define HAVE_DECODER_SPARC 1
| #define HAVE_DECODERS 1
| #define HAVE_MF_HC3 1
| #define HAVE_MF_HC4 1
| #define HAVE_MF_BT2 1
| #define HAVE_MF_BT3 1
| #define HAVE_MF_BT4 1
| #define HAVE_CHECK_CRC32 1
| #define HAVE_CHECK_CRC64 1
| #define HAVE_CHECK_SHA256 1
| #define ASSUME_RAM 128
| #define PACKAGE "xz"
| #define VERSION "5.2.4"
| #define STDC_HEADERS 1
| #define HAVE_SYS_TYPES_H 1
| #define HAVE_SYS_STAT_H 1
| #define HAVE_STDLIB_H 1
| #define HAVE_STRING_H 1
| #define HAVE_MEMORY_H 1
| #define HAVE_STRINGS_H 1
| #define HAVE_INTTYPES_H 1
| #define HAVE_STDINT_H 1
| #define HAVE_UNISTD_H 1
| #define __EXTENSIONS__ 1
| #define _ALL_SOURCE 1
| #define _GNU_SOURCE 1
| #define _POSIX_PTHREAD_SEMANTICS 1
| #define _TANDEM_SOURCE 1
| #define HAVE_PTHREAD_PRIO_INHERIT 1
| #define MYTHREAD_POSIX 1
| #define HAVE_CLOCK_GETTIME 1
| #define HAVE_DECL_CLOCK_MONOTONIC 1
| #define HAVE_DLFCN_H 1
| #define LT_OBJDIR ".libs/"
| #define HAVE_CFPREFERENCESCOPYAPPVALUE 1
| #define HAVE_CFLOCALECOPYCURRENT 1
| #define HAVE_ICONV 1
| #define HAVE_FCNTL_H 1
| #define HAVE_LIMITS_H 1
| #define HAVE_SYS_TIME_H 1
| /* end confdefs.h.  */
| #include <immintrin.h>
configure:17422: result: no
configure:17422: checking for immintrin.h
configure:17422: result: no
configure:17439: checking for stdbool.h that conforms to C99
configure:17506: /usr/bin/cc -c -Wno-format-nonliteral -isysroot /Library/Developer/CommandLineTools/SDKs/MacOSX.sdk -O3  conftest.c >&5
conftest.c:117:24: warning: address of 's' will always evaluate to 'true' [-Wpointer-bool-conversion]
  117 |              bool e = &s;
      |                   ~    ^
conftest.c:122:40: warning: address of array 'p' will always evaluate to 'true' [-Wpointer-bool-conversion]
  122 |                      + !m + !n + !o + !p + !q + !pq);
      |                                       ~^
conftest.c:122:35: warning: address of array 'o' will always evaluate to 'true' [-Wpointer-bool-conversion]
  122 |                      + !m + !n + !o + !p + !q + !pq);
      |                                  ~^
conftest.c:122:30: warning: address of array 'n' will always evaluate to 'true' [-Wpointer-bool-conversion]
  122 |                      + !m + !n + !o + !p + !q + !pq);
      |                             ~^
conftest.c:121:63: warning: address of array 'i' will always evaluate to 'true' [-Wpointer-bool-conversion]
  121 |              return (!a + !b + !c + !d + !e + !f + !g + !h + !i + !!j + !k + !!l
      |                                                              ~^
conftest.c:121:58: warning: address of array 'h' will always evaluate to 'true' [-Wpointer-bool-conversion]
  121 |              return (!a + !b + !c + !d + !e + !f + !g + !h + !i + !!j + !k + !!l
      |                                                         ~^
conftest.c:121:53: warning: address of array 'g' will always evaluate to 'true' [-Wpointer-bool-conversion]
  121 |              return (!a + !b + !c + !d + !e + !f + !g + !h + !i + !!j + !k + !!l
      |                                                    ~^
conftest.c:121:48: warning: address of array 'f' will always evaluate to 'true' [-Wpointer-bool-conversion]
  121 |              return (!a + !b + !c + !d + !e + !f + !g + !h + !i + !!j + !k + !!l
      |                                               ~^
conftest.c:121:38: warning: address of array 'd' will always evaluate to 'true' [-Wpointer-bool-conversion]
  121 |              return (!a + !b + !c + !d + !e + !f + !g + !h + !i + !!j + !k + !!l
      |                                     ~^
conftest.c:121:33: warning: address of array 'c' will always evaluate to 'true' [-Wpointer-bool-conversion]
  121 |              return (!a + !b + !c + !d + !e + !f + !g + !h + !i + !!j + !k + !!l
      |                                ~^
conftest.c:121:28: warning: address of array 'b' will always evaluate to 'true' [-Wpointer-bool-conversion]
  121 |              return (!a + !b + !c + !d + !e + !f + !g + !h + !i + !!j + !k + !!l
      |                           ~^
conftest.c:121:23: warning: address of array 'a' will always evaluate to 'true' [-Wpointer-bool-conversion]
  121 |              return (!a + !b + !c + !d + !e + !f + !g + !h + !i + !!j + !k + !!l
      |                      ~^
12 warnings generated.
configure:17506: $? = 0
configure:17513: result: yes
configure:17515: checking for _Bool
configure:17515: /usr/bin/cc -c -Wno-format-nonliteral -isysroot /Library/Developer/CommandLineTools/SDKs/MacOSX.sdk -O3  conftest.c >&5
configure:17515: $? = 0
configure:17515: /usr/bin/cc -c -Wno-format-nonliteral -isysroot /Library/Developer/CommandLineTools/SDKs/MacOSX.sdk -O3  conftest.c >&5
conftest.c:104:20: error: expected expression
  104 | if (sizeof ((_Bool)))
      |                    ^
1 error generated.
configure:17515: $? = 1
configure: failed program was:
| /* confdefs.h */
| #define PACKAGE_NAME "XZ Utils"
| #define PACKAGE_TARNAME "xz"
| #define PACKAGE_VERSION "5.2.4"
| #define PACKAGE_STRING "XZ Utils 5.2.4"
| #define PACKAGE_BUGREPORT "lasse.collin@tukaani.org"
| #define PACKAGE_URL "https://tukaani.org/xz/"
| #define NDEBUG 1
| #define HAVE_ENCODER_LZMA1 1
| #define HAVE_ENCODER_LZMA2 1
| #define HAVE_ENCODER_DELTA 1
| #define HAVE_ENCODER_X86 1
| #define HAVE_ENCODER_POWERPC 1
| #define HAVE_ENCODER_IA64 1
| #define HAVE_ENCODER_ARM 1
| #define HAVE_ENCODER_ARMTHUMB 1
| #define HAVE_ENCODER_SPARC 1
| #define HAVE_ENCODERS 1
| #define HAVE_DECODER_LZMA1 1
| #define HAVE_DECODER_LZMA2 1
| #define HAVE_DECODER_DELTA 1
| #define HAVE_DECODER_X86 1
| #define HAVE_DECODER_POWERPC 1
| #define HAVE_DECODER_IA64 1
| #define HAVE_DECODER_ARM 1
| #define HAVE_DECODER_ARMTHUMB 1
| #define HAVE_DECODER_SPARC 1
| #define HAVE_DECODERS 1
| #define HAVE_MF_HC3 1
| #define HAVE_MF_HC4 1
| #define HAVE_MF_BT2 1
| #define HAVE_MF_BT3 1
| #define HAVE_MF_BT4 1
| #define HAVE_CHECK_CRC32 1
| #define HAVE_CHECK_CRC64 1
| #define HAVE_CHECK_SHA256 1
| #define ASSUME_RAM 128
| #define PACKAGE "xz"
| #define VERSION "5.2.4"
| #define STDC_HEADERS 1
| #define HAVE_SYS_TYPES_H 1
| #define HAVE_SYS_STAT_H 1
| #define HAVE_STDLIB_H 1
| #define HAVE_STRING_H 1
| #define HAVE_MEMORY_H 1
| #define HAVE_STRINGS_H 1
| #define HAVE_INTTYPES_H 1
| #define HAVE_STDINT_H 1
| #define HAVE_UNISTD_H 1
| #define __EXTENSIONS__ 1
| #define _ALL_SOURCE 1
| #define _GNU_SOURCE 1
| #define _POSIX_PTHREAD_SEMANTICS 1
| #define _TANDEM_SOURCE 1
| #define HAVE_PTHREAD_PRIO_INHERIT 1
| #define MYTHREAD_POSIX 1
| #define HAVE_CLOCK_GETTIME 1
| #define HAVE_DECL_CLOCK_MONOTONIC 1
| #define HAVE_DLFCN_H 1
| #define LT_OBJDIR ".libs/"
| #define HAVE_CFPREFERENCESCOPYAPPVALUE 1
| #define HAVE_CFLOCALECOPYCURRENT 1
| #define HAVE_ICONV 1
| #define HAVE_FCNTL_H 1
| #define HAVE_LIMITS_H 1
| #define HAVE_SYS_TIME_H 1
| /* end confdefs.h.  */
| #include <stdio.h>
| #ifdef HAVE_SYS_TYPES_H
| # include <sys/types.h>
| #endif
| #ifdef HAVE_SYS_STAT_H
| # include <sys/stat.h>
| #endif
| #ifdef STDC_HEADERS
| # include <stdlib.h>
| # include <stddef.h>
| #else
| # ifdef HAVE_STDLIB_H
| #  include <stdlib.h>
| # endif
| #endif
| #ifdef HAVE_STRING_H
| # if !defined STDC_HEADERS && defined HAVE_MEMORY_H
| #  include <memory.h>
| # endif
| # include <string.h>
| #endif
| #ifdef HAVE_STRINGS_H
| # include <strings.h>
| #endif
| #ifdef HAVE_INTTYPES_H
| # include <inttypes.h>
| #endif
| #ifdef HAVE_STDINT_H
| # include <stdint.h>
| #endif
| #ifdef HAVE_UNISTD_H
| # include <unistd.h>
| #endif
| int
| main ()
| {
| if (sizeof ((_Bool)))
| 	    return 0;
|   ;
|   return 0;
| }
configure:17515: result: yes
configure:17533: checking for uint8_t
configure:17533: /usr/bin/cc -c -Wno-format-nonliteral -isysroot /Library/Developer/CommandLineTools/SDKs/MacOSX.sdk -O3  conftest.c >&5
configure:17533: $? = 0
configure:17533: result: yes
configure:17547: checking for uint16_t
configure:17547: /usr/bin/cc -c -Wno-format-nonliteral -isysroot /Library/Developer/CommandLineTools/SDKs/MacOSX.sdk -O3  conftest.c >&5
configure:17547: $? = 0
configure:17547: result: yes
configure:17559: checking for int32_t
configure:17559: /usr/bin/cc -c -Wno-format-nonliteral -isysroot /Library/Developer/CommandLineTools/SDKs/MacOSX.sdk -O3  conftest.c >&5
configure:17559: $? = 0
configure:17559: /usr/bin/cc -c -Wno-format-nonliteral -isysroot /Library/Developer/CommandLineTools/SDKs/MacOSX.sdk -O3  conftest.c >&5
conftest.c:108:53: warning: overflow in expression; result is -2'147'483'648 with type 'int' [-Winteger-overflow]
  108 |                  < (int32_t) (((((int32_t) 1 << N) << N) - 1) * 2 + 2))];
      |                               ~~~~~~~~~~~~~~~~~~~~~~~~~~~~~~~~~~~~^~~
conftest.c:107:24: warning: variable length array folded to constant array as an extension [-Wgnu-folding-constant]
  107 | static int test_array [1 - 2 * !((int32_t) (((((int32_t) 1 << N) << N) - 1) * 2 + 1)
      |                        ^~~~~~~~~~~~~~~~~~~~~~~~~~~~~~~~~~~~~~~~~~~~~~~~~~~~~~~~~~~~~
  108 |                  < (int32_t) (((((int32_t) 1 << N) << N) - 1) * 2 + 2))];
      |                  ~~~~~~~~~~~~~~~~~~~~~~~~~~~~~~~~~~~~~~~~~~~~~~~~~~~~~~
conftest.c:108:53: note: value 2147483648 is outside the range of representable values of type 'int'
  108 |                  < (int32_t) (((((int32_t) 1 << N) << N) - 1) * 2 + 2))];
      |                                                                   ^
conftest.c:107:24: error: 'test_array' declared as an array with a negative size
  107 | static int test_array [1 - 2 * !((int32_t) (((((int32_t) 1 << N) << N) - 1) * 2 + 1)
      |                        ^~~~~~~~~~~~~~~~~~~~~~~~~~~~~~~~~~~~~~~~~~~~~~~~~~~~~~~~~~~~~
  108 |                  < (int32_t) (((((int32_t) 1 << N) << N) - 1) * 2 + 2))];
      |                  ~~~~~~~~~~~~~~~~~~~~~~~~~~~~~~~~~~~~~~~~~~~~~~~~~~~~~~
2 warnings and 1 error generated.
configure:17559: $? = 1
configure: failed program was:
| /* confdefs.h */
| #define PACKAGE_NAME "XZ Utils"
| #define PACKAGE_TARNAME "xz"
| #define PACKAGE_VERSION "5.2.4"
| #define PACKAGE_STRING "XZ Utils 5.2.4"
| #define PACKAGE_BUGREPORT "lasse.collin@tukaani.org"
| #define PACKAGE_URL "https://tukaani.org/xz/"
| #define NDEBUG 1
| #define HAVE_ENCODER_LZMA1 1
| #define HAVE_ENCODER_LZMA2 1
| #define HAVE_ENCODER_DELTA 1
| #define HAVE_ENCODER_X86 1
| #define HAVE_ENCODER_POWERPC 1
| #define HAVE_ENCODER_IA64 1
| #define HAVE_ENCODER_ARM 1
| #define HAVE_ENCODER_ARMTHUMB 1
| #define HAVE_ENCODER_SPARC 1
| #define HAVE_ENCODERS 1
| #define HAVE_DECODER_LZMA1 1
| #define HAVE_DECODER_LZMA2 1
| #define HAVE_DECODER_DELTA 1
| #define HAVE_DECODER_X86 1
| #define HAVE_DECODER_POWERPC 1
| #define HAVE_DECODER_IA64 1
| #define HAVE_DECODER_ARM 1
| #define HAVE_DECODER_ARMTHUMB 1
| #define HAVE_DECODER_SPARC 1
| #define HAVE_DECODERS 1
| #define HAVE_MF_HC3 1
| #define HAVE_MF_HC4 1
| #define HAVE_MF_BT2 1
| #define HAVE_MF_BT3 1
| #define HAVE_MF_BT4 1
| #define HAVE_CHECK_CRC32 1
| #define HAVE_CHECK_CRC64 1
| #define HAVE_CHECK_SHA256 1
| #define ASSUME_RAM 128
| #define PACKAGE "xz"
| #define VERSION "5.2.4"
| #define STDC_HEADERS 1
| #define HAVE_SYS_TYPES_H 1
| #define HAVE_SYS_STAT_H 1
| #define HAVE_STDLIB_H 1
| #define HAVE_STRING_H 1
| #define HAVE_MEMORY_H 1
| #define HAVE_STRINGS_H 1
| #define HAVE_INTTYPES_H 1
| #define HAVE_STDINT_H 1
| #define HAVE_UNISTD_H 1
| #define __EXTENSIONS__ 1
| #define _ALL_SOURCE 1
| #define _GNU_SOURCE 1
| #define _POSIX_PTHREAD_SEMANTICS 1
| #define _TANDEM_SOURCE 1
| #define HAVE_PTHREAD_PRIO_INHERIT 1
| #define MYTHREAD_POSIX 1
| #define HAVE_CLOCK_GETTIME 1
| #define HAVE_DECL_CLOCK_MONOTONIC 1
| #define HAVE_DLFCN_H 1
| #define LT_OBJDIR ".libs/"
| #define HAVE_CFPREFERENCESCOPYAPPVALUE 1
| #define HAVE_CFLOCALECOPYCURRENT 1
| #define HAVE_ICONV 1
| #define HAVE_FCNTL_H 1
| #define HAVE_LIMITS_H 1
| #define HAVE_SYS_TIME_H 1
| #define HAVE__BOOL 1
| #define HAVE_STDBOOL_H 1
| /* end confdefs.h.  */
| #include <stdio.h>
| #ifdef HAVE_SYS_TYPES_H
| # include <sys/types.h>
| #endif
| #ifdef HAVE_SYS_STAT_H
| # include <sys/stat.h>
| #endif
| #ifdef STDC_HEADERS
| # include <stdlib.h>
| # include <stddef.h>
| #else
| # ifdef HAVE_STDLIB_H
| #  include <stdlib.h>
| # endif
| #endif
| #ifdef HAVE_STRING_H
| # if !defined STDC_HEADERS && defined HAVE_MEMORY_H
| #  include <memory.h>
| # endif
| # include <string.h>
| #endif
| #ifdef HAVE_STRINGS_H
| # include <strings.h>
| #endif
| #ifdef HAVE_INTTYPES_H
| # include <inttypes.h>
| #endif
| #ifdef HAVE_STDINT_H
| # include <stdint.h>
| #endif
| #ifdef HAVE_UNISTD_H
| # include <unistd.h>
| #endif
| 	        enum { N = 32 / 2 - 1 };
| int
| main ()
| {
| static int test_array [1 - 2 * !((int32_t) (((((int32_t) 1 << N) << N) - 1) * 2 + 1)
| 		 < (int32_t) (((((int32_t) 1 << N) << N) - 1) * 2 + 2))];
| test_array [0] = 0;
| return test_array [0];
| 
|   ;
|   return 0;
| }
configure:17559: result: yes
configure:17570: checking for uint32_t
configure:17570: /usr/bin/cc -c -Wno-format-nonliteral -isysroot /Library/Developer/CommandLineTools/SDKs/MacOSX.sdk -O3  conftest.c >&5
configure:17570: $? = 0
configure:17570: result: yes
configure:17584: checking for int64_t
configure:17584: /usr/bin/cc -c -Wno-format-nonliteral -isysroot /Library/Developer/CommandLineTools/SDKs/MacOSX.sdk -O3  conftest.c >&5
configure:17584: $? = 0
configure:17584: /usr/bin/cc -c -Wno-format-nonliteral -isysroot /Library/Developer/CommandLineTools/SDKs/MacOSX.sdk -O3  conftest.c >&5
conftest.c:108:53: warning: overflow in expression; result is -9'223'372'036'854'775'808 with type 'int64_t' (aka 'long long') [-Winteger-overflow]
  108 |                  < (int64_t) (((((int64_t) 1 << N) << N) - 1) * 2 + 2))];
      |                               ~~~~~~~~~~~~~~~~~~~~~~~~~~~~~~~~~~~~^~~
conftest.c:107:24: warning: variable length array folded to constant array as an extension [-Wgnu-folding-constant]
  107 | static int test_array [1 - 2 * !((int64_t) (((((int64_t) 1 << N) << N) - 1) * 2 + 1)
      |                        ^~~~~~~~~~~~~~~~~~~~~~~~~~~~~~~~~~~~~~~~~~~~~~~~~~~~~~~~~~~~~
  108 |                  < (int64_t) (((((int64_t) 1 << N) << N) - 1) * 2 + 2))];
      |                  ~~~~~~~~~~~~~~~~~~~~~~~~~~~~~~~~~~~~~~~~~~~~~~~~~~~~~~
conftest.c:108:53: note: value 9223372036854775808 is outside the range of representable values of type 'int64_t' (aka 'long long')
  108 |                  < (int64_t) (((((int64_t) 1 << N) << N) - 1) * 2 + 2))];
      |                                                                   ^
conftest.c:107:24: error: 'test_array' declared as an array with a negative size
  107 | static int test_array [1 - 2 * !((int64_t) (((((int64_t) 1 << N) << N) - 1) * 2 + 1)
      |                        ^~~~~~~~~~~~~~~~~~~~~~~~~~~~~~~~~~~~~~~~~~~~~~~~~~~~~~~~~~~~~
  108 |                  < (int64_t) (((((int64_t) 1 << N) << N) - 1) * 2 + 2))];
      |                  ~~~~~~~~~~~~~~~~~~~~~~~~~~~~~~~~~~~~~~~~~~~~~~~~~~~~~~
2 warnings and 1 error generated.
configure:17584: $? = 1
configure: failed program was:
| /* confdefs.h */
| #define PACKAGE_NAME "XZ Utils"
| #define PACKAGE_TARNAME "xz"
| #define PACKAGE_VERSION "5.2.4"
| #define PACKAGE_STRING "XZ Utils 5.2.4"
| #define PACKAGE_BUGREPORT "lasse.collin@tukaani.org"
| #define PACKAGE_URL "https://tukaani.org/xz/"
| #define NDEBUG 1
| #define HAVE_ENCODER_LZMA1 1
| #define HAVE_ENCODER_LZMA2 1
| #define HAVE_ENCODER_DELTA 1
| #define HAVE_ENCODER_X86 1
| #define HAVE_ENCODER_POWERPC 1
| #define HAVE_ENCODER_IA64 1
| #define HAVE_ENCODER_ARM 1
| #define HAVE_ENCODER_ARMTHUMB 1
| #define HAVE_ENCODER_SPARC 1
| #define HAVE_ENCODERS 1
| #define HAVE_DECODER_LZMA1 1
| #define HAVE_DECODER_LZMA2 1
| #define HAVE_DECODER_DELTA 1
| #define HAVE_DECODER_X86 1
| #define HAVE_DECODER_POWERPC 1
| #define HAVE_DECODER_IA64 1
| #define HAVE_DECODER_ARM 1
| #define HAVE_DECODER_ARMTHUMB 1
| #define HAVE_DECODER_SPARC 1
| #define HAVE_DECODERS 1
| #define HAVE_MF_HC3 1
| #define HAVE_MF_HC4 1
| #define HAVE_MF_BT2 1
| #define HAVE_MF_BT3 1
| #define HAVE_MF_BT4 1
| #define HAVE_CHECK_CRC32 1
| #define HAVE_CHECK_CRC64 1
| #define HAVE_CHECK_SHA256 1
| #define ASSUME_RAM 128
| #define PACKAGE "xz"
| #define VERSION "5.2.4"
| #define STDC_HEADERS 1
| #define HAVE_SYS_TYPES_H 1
| #define HAVE_SYS_STAT_H 1
| #define HAVE_STDLIB_H 1
| #define HAVE_STRING_H 1
| #define HAVE_MEMORY_H 1
| #define HAVE_STRINGS_H 1
| #define HAVE_INTTYPES_H 1
| #define HAVE_STDINT_H 1
| #define HAVE_UNISTD_H 1
| #define __EXTENSIONS__ 1
| #define _ALL_SOURCE 1
| #define _GNU_SOURCE 1
| #define _POSIX_PTHREAD_SEMANTICS 1
| #define _TANDEM_SOURCE 1
| #define HAVE_PTHREAD_PRIO_INHERIT 1
| #define MYTHREAD_POSIX 1
| #define HAVE_CLOCK_GETTIME 1
| #define HAVE_DECL_CLOCK_MONOTONIC 1
| #define HAVE_DLFCN_H 1
| #define LT_OBJDIR ".libs/"
| #define HAVE_CFPREFERENCESCOPYAPPVALUE 1
| #define HAVE_CFLOCALECOPYCURRENT 1
| #define HAVE_ICONV 1
| #define HAVE_FCNTL_H 1
| #define HAVE_LIMITS_H 1
| #define HAVE_SYS_TIME_H 1
| #define HAVE__BOOL 1
| #define HAVE_STDBOOL_H 1
| /* end confdefs.h.  */
| #include <stdio.h>
| #ifdef HAVE_SYS_TYPES_H
| # include <sys/types.h>
| #endif
| #ifdef HAVE_SYS_STAT_H
| # include <sys/stat.h>
| #endif
| #ifdef STDC_HEADERS
| # include <stdlib.h>
| # include <stddef.h>
| #else
| # ifdef HAVE_STDLIB_H
| #  include <stdlib.h>
| # endif
| #endif
| #ifdef HAVE_STRING_H
| # if !defined STDC_HEADERS && defined HAVE_MEMORY_H
| #  include <memory.h>
| # endif
| # include <string.h>
| #endif
| #ifdef HAVE_STRINGS_H
| # include <strings.h>
| #endif
| #ifdef HAVE_INTTYPES_H
| # include <inttypes.h>
| #endif
| #ifdef HAVE_STDINT_H
| # include <stdint.h>
| #endif
| #ifdef HAVE_UNISTD_H
| # include <unistd.h>
| #endif
| 	        enum { N = 64 / 2 - 1 };
| int
| main ()
| {
| static int test_array [1 - 2 * !((int64_t) (((((int64_t) 1 << N) << N) - 1) * 2 + 1)
| 		 < (int64_t) (((((int64_t) 1 << N) << N) - 1) * 2 + 2))];
| test_array [0] = 0;
| return test_array [0];
| 
|   ;
|   return 0;
| }
configure:17584: result: yes
configure:17595: checking for uint64_t
configure:17595: /usr/bin/cc -c -Wno-format-nonliteral -isysroot /Library/Developer/CommandLineTools/SDKs/MacOSX.sdk -O3  conftest.c >&5
configure:17595: $? = 0
configure:17595: result: yes
configure:17610: checking for uintptr_t
configure:17610: /usr/bin/cc -c -Wno-format-nonliteral -isysroot /Library/Developer/CommandLineTools/SDKs/MacOSX.sdk -O3  conftest.c >&5
configure:17610: $? = 0
configure:17610: /usr/bin/cc -c -Wno-format-nonliteral -isysroot /Library/Developer/CommandLineTools/SDKs/MacOSX.sdk -O3  conftest.c >&5
conftest.c:106:24: error: expected expression
  106 | if (sizeof ((uintptr_t)))
      |                        ^
1 error generated.
configure:17610: $? = 1
configure: failed program was:
| /* confdefs.h */
| #define PACKAGE_NAME "XZ Utils"
| #define PACKAGE_TARNAME "xz"
| #define PACKAGE_VERSION "5.2.4"
| #define PACKAGE_STRING "XZ Utils 5.2.4"
| #define PACKAGE_BUGREPORT "lasse.collin@tukaani.org"
| #define PACKAGE_URL "https://tukaani.org/xz/"
| #define NDEBUG 1
| #define HAVE_ENCODER_LZMA1 1
| #define HAVE_ENCODER_LZMA2 1
| #define HAVE_ENCODER_DELTA 1
| #define HAVE_ENCODER_X86 1
| #define HAVE_ENCODER_POWERPC 1
| #define HAVE_ENCODER_IA64 1
| #define HAVE_ENCODER_ARM 1
| #define HAVE_ENCODER_ARMTHUMB 1
| #define HAVE_ENCODER_SPARC 1
| #define HAVE_ENCODERS 1
| #define HAVE_DECODER_LZMA1 1
| #define HAVE_DECODER_LZMA2 1
| #define HAVE_DECODER_DELTA 1
| #define HAVE_DECODER_X86 1
| #define HAVE_DECODER_POWERPC 1
| #define HAVE_DECODER_IA64 1
| #define HAVE_DECODER_ARM 1
| #define HAVE_DECODER_ARMTHUMB 1
| #define HAVE_DECODER_SPARC 1
| #define HAVE_DECODERS 1
| #define HAVE_MF_HC3 1
| #define HAVE_MF_HC4 1
| #define HAVE_MF_BT2 1
| #define HAVE_MF_BT3 1
| #define HAVE_MF_BT4 1
| #define HAVE_CHECK_CRC32 1
| #define HAVE_CHECK_CRC64 1
| #define HAVE_CHECK_SHA256 1
| #define ASSUME_RAM 128
| #define PACKAGE "xz"
| #define VERSION "5.2.4"
| #define STDC_HEADERS 1
| #define HAVE_SYS_TYPES_H 1
| #define HAVE_SYS_STAT_H 1
| #define HAVE_STDLIB_H 1
| #define HAVE_STRING_H 1
| #define HAVE_MEMORY_H 1
| #define HAVE_STRINGS_H 1
| #define HAVE_INTTYPES_H 1
| #define HAVE_STDINT_H 1
| #define HAVE_UNISTD_H 1
| #define __EXTENSIONS__ 1
| #define _ALL_SOURCE 1
| #define _GNU_SOURCE 1
| #define _POSIX_PTHREAD_SEMANTICS 1
| #define _TANDEM_SOURCE 1
| #define HAVE_PTHREAD_PRIO_INHERIT 1
| #define MYTHREAD_POSIX 1
| #define HAVE_CLOCK_GETTIME 1
| #define HAVE_DECL_CLOCK_MONOTONIC 1
| #define HAVE_DLFCN_H 1
| #define LT_OBJDIR ".libs/"
| #define HAVE_CFPREFERENCESCOPYAPPVALUE 1
| #define HAVE_CFLOCALECOPYCURRENT 1
| #define HAVE_ICONV 1
| #define HAVE_FCNTL_H 1
| #define HAVE_LIMITS_H 1
| #define HAVE_SYS_TIME_H 1
| #define HAVE__BOOL 1
| #define HAVE_STDBOOL_H 1
| /* end confdefs.h.  */
| #include <stdio.h>
| #ifdef HAVE_SYS_TYPES_H
| # include <sys/types.h>
| #endif
| #ifdef HAVE_SYS_STAT_H
| # include <sys/stat.h>
| #endif
| #ifdef STDC_HEADERS
| # include <stdlib.h>
| # include <stddef.h>
| #else
| # ifdef HAVE_STDLIB_H
| #  include <stdlib.h>
| # endif
| #endif
| #ifdef HAVE_STRING_H
| # if !defined STDC_HEADERS && defined HAVE_MEMORY_H
| #  include <memory.h>
| # endif
| # include <string.h>
| #endif
| #ifdef HAVE_STRINGS_H
| # include <strings.h>
| #endif
| #ifdef HAVE_INTTYPES_H
| # include <inttypes.h>
| #endif
| #ifdef HAVE_STDINT_H
| # include <stdint.h>
| #endif
| #ifdef HAVE_UNISTD_H
| # include <unistd.h>
| #endif
| int
| main ()
| {
| if (sizeof ((uintptr_t)))
| 	    return 0;
|   ;
|   return 0;
| }
configure:17610: result: yes
configure:17651: checking size of size_t
configure:17656: /usr/bin/cc -o conftest -Wno-format-nonliteral -isysroot /Library/Developer/CommandLineTools/SDKs/MacOSX.sdk -O3  -Qunused-arguments conftest.c   >&5
configure:17656: $? = 0
configure:17656: ./conftest
configure:17656: $? = 0
configure:17670: result: 8
configure:17684: checking for struct stat.st_atim.tv_nsec
configure:17684: /usr/bin/cc -c -Wno-format-nonliteral -isysroot /Library/Developer/CommandLineTools/SDKs/MacOSX.sdk -O3  conftest.c >&5
conftest.c:109:13: error: no member named 'st_atim' in 'struct stat'
  109 | if (ac_aggr.st_atim.tv_nsec)
      |     ~~~~~~~ ^
1 error generated.
configure:17684: $? = 1
configure: failed program was:
| /* confdefs.h */
| #define PACKAGE_NAME "XZ Utils"
| #define PACKAGE_TARNAME "xz"
| #define PACKAGE_VERSION "5.2.4"
| #define PACKAGE_STRING "XZ Utils 5.2.4"
| #define PACKAGE_BUGREPORT "lasse.collin@tukaani.org"
| #define PACKAGE_URL "https://tukaani.org/xz/"
| #define NDEBUG 1
| #define HAVE_ENCODER_LZMA1 1
| #define HAVE_ENCODER_LZMA2 1
| #define HAVE_ENCODER_DELTA 1
| #define HAVE_ENCODER_X86 1
| #define HAVE_ENCODER_POWERPC 1
| #define HAVE_ENCODER_IA64 1
| #define HAVE_ENCODER_ARM 1
| #define HAVE_ENCODER_ARMTHUMB 1
| #define HAVE_ENCODER_SPARC 1
| #define HAVE_ENCODERS 1
| #define HAVE_DECODER_LZMA1 1
| #define HAVE_DECODER_LZMA2 1
| #define HAVE_DECODER_DELTA 1
| #define HAVE_DECODER_X86 1
| #define HAVE_DECODER_POWERPC 1
| #define HAVE_DECODER_IA64 1
| #define HAVE_DECODER_ARM 1
| #define HAVE_DECODER_ARMTHUMB 1
| #define HAVE_DECODER_SPARC 1
| #define HAVE_DECODERS 1
| #define HAVE_MF_HC3 1
| #define HAVE_MF_HC4 1
| #define HAVE_MF_BT2 1
| #define HAVE_MF_BT3 1
| #define HAVE_MF_BT4 1
| #define HAVE_CHECK_CRC32 1
| #define HAVE_CHECK_CRC64 1
| #define HAVE_CHECK_SHA256 1
| #define ASSUME_RAM 128
| #define PACKAGE "xz"
| #define VERSION "5.2.4"
| #define STDC_HEADERS 1
| #define HAVE_SYS_TYPES_H 1
| #define HAVE_SYS_STAT_H 1
| #define HAVE_STDLIB_H 1
| #define HAVE_STRING_H 1
| #define HAVE_MEMORY_H 1
| #define HAVE_STRINGS_H 1
| #define HAVE_INTTYPES_H 1
| #define HAVE_STDINT_H 1
| #define HAVE_UNISTD_H 1
| #define __EXTENSIONS__ 1
| #define _ALL_SOURCE 1
| #define _GNU_SOURCE 1
| #define _POSIX_PTHREAD_SEMANTICS 1
| #define _TANDEM_SOURCE 1
| #define HAVE_PTHREAD_PRIO_INHERIT 1
| #define MYTHREAD_POSIX 1
| #define HAVE_CLOCK_GETTIME 1
| #define HAVE_DECL_CLOCK_MONOTONIC 1
| #define HAVE_DLFCN_H 1
| #define LT_OBJDIR ".libs/"
| #define HAVE_CFPREFERENCESCOPYAPPVALUE 1
| #define HAVE_CFLOCALECOPYCURRENT 1
| #define HAVE_ICONV 1
| #define HAVE_FCNTL_H 1
| #define HAVE_LIMITS_H 1
| #define HAVE_SYS_TIME_H 1
| #define HAVE__BOOL 1
| #define HAVE_STDBOOL_H 1
| #define HAVE_UINTPTR_T 1
| #define SIZEOF_SIZE_T 8
| /* end confdefs.h.  */
| #include <stdio.h>
| #ifdef HAVE_SYS_TYPES_H
| # include <sys/types.h>
| #endif
| #ifdef HAVE_SYS_STAT_H
| # include <sys/stat.h>
| #endif
| #ifdef STDC_HEADERS
| # include <stdlib.h>
| # include <stddef.h>
| #else
| # ifdef HAVE_STDLIB_H
| #  include <stdlib.h>
| # endif
| #endif
| #ifdef HAVE_STRING_H
| # if !defined STDC_HEADERS && defined HAVE_MEMORY_H
| #  include <memory.h>
| # endif
| # include <string.h>
| #endif
| #ifdef HAVE_STRINGS_H
| # include <strings.h>
| #endif
| #ifdef HAVE_INTTYPES_H
| # include <inttypes.h>
| #endif
| #ifdef HAVE_STDINT_H
| # include <stdint.h>
| #endif
| #ifdef HAVE_UNISTD_H
| # include <unistd.h>
| #endif
| int
| main ()
| {
| static struct stat ac_aggr;
| if (ac_aggr.st_atim.tv_nsec)
| return 0;
|   ;
|   return 0;
| }
configure:17684: /usr/bin/cc -c -Wno-format-nonliteral -isysroot /Library/Developer/CommandLineTools/SDKs/MacOSX.sdk -O3  conftest.c >&5
conftest.c:109:20: error: no member named 'st_atim' in 'struct stat'
  109 | if (sizeof ac_aggr.st_atim.tv_nsec)
      |            ~~~~~~~ ^
1 error generated.
configure:17684: $? = 1
configure: failed program was:
| /* confdefs.h */
| #define PACKAGE_NAME "XZ Utils"
| #define PACKAGE_TARNAME "xz"
| #define PACKAGE_VERSION "5.2.4"
| #define PACKAGE_STRING "XZ Utils 5.2.4"
| #define PACKAGE_BUGREPORT "lasse.collin@tukaani.org"
| #define PACKAGE_URL "https://tukaani.org/xz/"
| #define NDEBUG 1
| #define HAVE_ENCODER_LZMA1 1
| #define HAVE_ENCODER_LZMA2 1
| #define HAVE_ENCODER_DELTA 1
| #define HAVE_ENCODER_X86 1
| #define HAVE_ENCODER_POWERPC 1
| #define HAVE_ENCODER_IA64 1
| #define HAVE_ENCODER_ARM 1
| #define HAVE_ENCODER_ARMTHUMB 1
| #define HAVE_ENCODER_SPARC 1
| #define HAVE_ENCODERS 1
| #define HAVE_DECODER_LZMA1 1
| #define HAVE_DECODER_LZMA2 1
| #define HAVE_DECODER_DELTA 1
| #define HAVE_DECODER_X86 1
| #define HAVE_DECODER_POWERPC 1
| #define HAVE_DECODER_IA64 1
| #define HAVE_DECODER_ARM 1
| #define HAVE_DECODER_ARMTHUMB 1
| #define HAVE_DECODER_SPARC 1
| #define HAVE_DECODERS 1
| #define HAVE_MF_HC3 1
| #define HAVE_MF_HC4 1
| #define HAVE_MF_BT2 1
| #define HAVE_MF_BT3 1
| #define HAVE_MF_BT4 1
| #define HAVE_CHECK_CRC32 1
| #define HAVE_CHECK_CRC64 1
| #define HAVE_CHECK_SHA256 1
| #define ASSUME_RAM 128
| #define PACKAGE "xz"
| #define VERSION "5.2.4"
| #define STDC_HEADERS 1
| #define HAVE_SYS_TYPES_H 1
| #define HAVE_SYS_STAT_H 1
| #define HAVE_STDLIB_H 1
| #define HAVE_STRING_H 1
| #define HAVE_MEMORY_H 1
| #define HAVE_STRINGS_H 1
| #define HAVE_INTTYPES_H 1
| #define HAVE_STDINT_H 1
| #define HAVE_UNISTD_H 1
| #define __EXTENSIONS__ 1
| #define _ALL_SOURCE 1
| #define _GNU_SOURCE 1
| #define _POSIX_PTHREAD_SEMANTICS 1
| #define _TANDEM_SOURCE 1
| #define HAVE_PTHREAD_PRIO_INHERIT 1
| #define MYTHREAD_POSIX 1
| #define HAVE_CLOCK_GETTIME 1
| #define HAVE_DECL_CLOCK_MONOTONIC 1
| #define HAVE_DLFCN_H 1
| #define LT_OBJDIR ".libs/"
| #define HAVE_CFPREFERENCESCOPYAPPVALUE 1
| #define HAVE_CFLOCALECOPYCURRENT 1
| #define HAVE_ICONV 1
| #define HAVE_FCNTL_H 1
| #define HAVE_LIMITS_H 1
| #define HAVE_SYS_TIME_H 1
| #define HAVE__BOOL 1
| #define HAVE_STDBOOL_H 1
| #define HAVE_UINTPTR_T 1
| #define SIZEOF_SIZE_T 8
| /* end confdefs.h.  */
| #include <stdio.h>
| #ifdef HAVE_SYS_TYPES_H
| # include <sys/types.h>
| #endif
| #ifdef HAVE_SYS_STAT_H
| # include <sys/stat.h>
| #endif
| #ifdef STDC_HEADERS
| # include <stdlib.h>
| # include <stddef.h>
| #else
| # ifdef HAVE_STDLIB_H
| #  include <stdlib.h>
| # endif
| #endif
| #ifdef HAVE_STRING_H
| # if !defined STDC_HEADERS && defined HAVE_MEMORY_H
| #  include <memory.h>
| # endif
| # include <string.h>
| #endif
| #ifdef HAVE_STRINGS_H
| # include <strings.h>
| #endif
| #ifdef HAVE_INTTYPES_H
| # include <inttypes.h>
| #endif
| #ifdef HAVE_STDINT_H
| # include <stdint.h>
| #endif
| #ifdef HAVE_UNISTD_H
| # include <unistd.h>
| #endif
| int
| main ()
| {
| static struct stat ac_aggr;
| if (sizeof ac_aggr.st_atim.tv_nsec)
| return 0;
|   ;
|   return 0;
| }
configure:17684: result: no
configure:17693: checking for struct stat.st_atimespec.tv_nsec
configure:17693: /usr/bin/cc -c -Wno-format-nonliteral -isysroot /Library/Developer/CommandLineTools/SDKs/MacOSX.sdk -O3  conftest.c >&5
configure:17693: $? = 0
configure:17693: result: yes
configure:17702: checking for struct stat.st_atimensec
configure:17702: /usr/bin/cc -c -Wno-format-nonliteral -isysroot /Library/Developer/CommandLineTools/SDKs/MacOSX.sdk -O3  conftest.c >&5
conftest.c:110:13: error: no member named 'st_atimensec' in 'struct stat'; did you mean 'st_atimespec'?
  110 | if (ac_aggr.st_atimensec)
      |             ^~~~~~~~~~~~
      |             st_atimespec
/Library/Developer/CommandLineTools/SDKs/MacOSX.sdk/usr/include/sys/stat.h:182:13: note: 'st_atimespec' declared here
  182 | struct stat __DARWIN_STRUCT_STAT64;
      |             ^
/Library/Developer/CommandLineTools/SDKs/MacOSX.sdk/usr/include/sys/stat.h:166:2: note: expanded from macro '__DARWIN_STRUCT_STAT64'
  166 |         __DARWIN_STRUCT_STAT64_TIMES \
      |         ^
/Library/Developer/CommandLineTools/SDKs/MacOSX.sdk/usr/include/sys/stat.h:129:18: note: expanded from macro '__DARWIN_STRUCT_STAT64_TIMES'
  129 |         struct timespec st_atimespec;           /* time of last access */ \
      |                         ^
1 error generated.
configure:17702: $? = 1
configure: failed program was:
| /* confdefs.h */
| #define PACKAGE_NAME "XZ Utils"
| #define PACKAGE_TARNAME "xz"
| #define PACKAGE_VERSION "5.2.4"
| #define PACKAGE_STRING "XZ Utils 5.2.4"
| #define PACKAGE_BUGREPORT "lasse.collin@tukaani.org"
| #define PACKAGE_URL "https://tukaani.org/xz/"
| #define NDEBUG 1
| #define HAVE_ENCODER_LZMA1 1
| #define HAVE_ENCODER_LZMA2 1
| #define HAVE_ENCODER_DELTA 1
| #define HAVE_ENCODER_X86 1
| #define HAVE_ENCODER_POWERPC 1
| #define HAVE_ENCODER_IA64 1
| #define HAVE_ENCODER_ARM 1
| #define HAVE_ENCODER_ARMTHUMB 1
| #define HAVE_ENCODER_SPARC 1
| #define HAVE_ENCODERS 1
| #define HAVE_DECODER_LZMA1 1
| #define HAVE_DECODER_LZMA2 1
| #define HAVE_DECODER_DELTA 1
| #define HAVE_DECODER_X86 1
| #define HAVE_DECODER_POWERPC 1
| #define HAVE_DECODER_IA64 1
| #define HAVE_DECODER_ARM 1
| #define HAVE_DECODER_ARMTHUMB 1
| #define HAVE_DECODER_SPARC 1
| #define HAVE_DECODERS 1
| #define HAVE_MF_HC3 1
| #define HAVE_MF_HC4 1
| #define HAVE_MF_BT2 1
| #define HAVE_MF_BT3 1
| #define HAVE_MF_BT4 1
| #define HAVE_CHECK_CRC32 1
| #define HAVE_CHECK_CRC64 1
| #define HAVE_CHECK_SHA256 1
| #define ASSUME_RAM 128
| #define PACKAGE "xz"
| #define VERSION "5.2.4"
| #define STDC_HEADERS 1
| #define HAVE_SYS_TYPES_H 1
| #define HAVE_SYS_STAT_H 1
| #define HAVE_STDLIB_H 1
| #define HAVE_STRING_H 1
| #define HAVE_MEMORY_H 1
| #define HAVE_STRINGS_H 1
| #define HAVE_INTTYPES_H 1
| #define HAVE_STDINT_H 1
| #define HAVE_UNISTD_H 1
| #define __EXTENSIONS__ 1
| #define _ALL_SOURCE 1
| #define _GNU_SOURCE 1
| #define _POSIX_PTHREAD_SEMANTICS 1
| #define _TANDEM_SOURCE 1
| #define HAVE_PTHREAD_PRIO_INHERIT 1
| #define MYTHREAD_POSIX 1
| #define HAVE_CLOCK_GETTIME 1
| #define HAVE_DECL_CLOCK_MONOTONIC 1
| #define HAVE_DLFCN_H 1
| #define LT_OBJDIR ".libs/"
| #define HAVE_CFPREFERENCESCOPYAPPVALUE 1
| #define HAVE_CFLOCALECOPYCURRENT 1
| #define HAVE_ICONV 1
| #define HAVE_FCNTL_H 1
| #define HAVE_LIMITS_H 1
| #define HAVE_SYS_TIME_H 1
| #define HAVE__BOOL 1
| #define HAVE_STDBOOL_H 1
| #define HAVE_UINTPTR_T 1
| #define SIZEOF_SIZE_T 8
| #define HAVE_STRUCT_STAT_ST_ATIMESPEC_TV_NSEC 1
| /* end confdefs.h.  */
| #include <stdio.h>
| #ifdef HAVE_SYS_TYPES_H
| # include <sys/types.h>
| #endif
| #ifdef HAVE_SYS_STAT_H
| # include <sys/stat.h>
| #endif
| #ifdef STDC_HEADERS
| # include <stdlib.h>
| # include <stddef.h>
| #else
| # ifdef HAVE_STDLIB_H
| #  include <stdlib.h>
| # endif
| #endif
| #ifdef HAVE_STRING_H
| # if !defined STDC_HEADERS && defined HAVE_MEMORY_H
| #  include <memory.h>
| # endif
| # include <string.h>
| #endif
| #ifdef HAVE_STRINGS_H
| # include <strings.h>
| #endif
| #ifdef HAVE_INTTYPES_H
| # include <inttypes.h>
| #endif
| #ifdef HAVE_STDINT_H
| # include <stdint.h>
| #endif
| #ifdef HAVE_UNISTD_H
| # include <unistd.h>
| #endif
| int
| main ()
| {
| static struct stat ac_aggr;
| if (ac_aggr.st_atimensec)
| return 0;
|   ;
|   return 0;
| }
configure:17702: /usr/bin/cc -c -Wno-format-nonliteral -isysroot /Library/Developer/CommandLineTools/SDKs/MacOSX.sdk -O3  conftest.c >&5
conftest.c:110:20: error: no member named 'st_atimensec' in 'struct stat'; did you mean 'st_atimespec'?
  110 | if (sizeof ac_aggr.st_atimensec)
      |                    ^~~~~~~~~~~~
      |                    st_atimespec
/Library/Developer/CommandLineTools/SDKs/MacOSX.sdk/usr/include/sys/stat.h:182:13: note: 'st_atimespec' declared here
  182 | struct stat __DARWIN_STRUCT_STAT64;
      |             ^
/Library/Developer/CommandLineTools/SDKs/MacOSX.sdk/usr/include/sys/stat.h:166:2: note: expanded from macro '__DARWIN_STRUCT_STAT64'
  166 |         __DARWIN_STRUCT_STAT64_TIMES \
      |         ^
/Library/Developer/CommandLineTools/SDKs/MacOSX.sdk/usr/include/sys/stat.h:129:18: note: expanded from macro '__DARWIN_STRUCT_STAT64_TIMES'
  129 |         struct timespec st_atimespec;           /* time of last access */ \
      |                         ^
1 error generated.
configure:17702: $? = 1
configure: failed program was:
| /* confdefs.h */
| #define PACKAGE_NAME "XZ Utils"
| #define PACKAGE_TARNAME "xz"
| #define PACKAGE_VERSION "5.2.4"
| #define PACKAGE_STRING "XZ Utils 5.2.4"
| #define PACKAGE_BUGREPORT "lasse.collin@tukaani.org"
| #define PACKAGE_URL "https://tukaani.org/xz/"
| #define NDEBUG 1
| #define HAVE_ENCODER_LZMA1 1
| #define HAVE_ENCODER_LZMA2 1
| #define HAVE_ENCODER_DELTA 1
| #define HAVE_ENCODER_X86 1
| #define HAVE_ENCODER_POWERPC 1
| #define HAVE_ENCODER_IA64 1
| #define HAVE_ENCODER_ARM 1
| #define HAVE_ENCODER_ARMTHUMB 1
| #define HAVE_ENCODER_SPARC 1
| #define HAVE_ENCODERS 1
| #define HAVE_DECODER_LZMA1 1
| #define HAVE_DECODER_LZMA2 1
| #define HAVE_DECODER_DELTA 1
| #define HAVE_DECODER_X86 1
| #define HAVE_DECODER_POWERPC 1
| #define HAVE_DECODER_IA64 1
| #define HAVE_DECODER_ARM 1
| #define HAVE_DECODER_ARMTHUMB 1
| #define HAVE_DECODER_SPARC 1
| #define HAVE_DECODERS 1
| #define HAVE_MF_HC3 1
| #define HAVE_MF_HC4 1
| #define HAVE_MF_BT2 1
| #define HAVE_MF_BT3 1
| #define HAVE_MF_BT4 1
| #define HAVE_CHECK_CRC32 1
| #define HAVE_CHECK_CRC64 1
| #define HAVE_CHECK_SHA256 1
| #define ASSUME_RAM 128
| #define PACKAGE "xz"
| #define VERSION "5.2.4"
| #define STDC_HEADERS 1
| #define HAVE_SYS_TYPES_H 1
| #define HAVE_SYS_STAT_H 1
| #define HAVE_STDLIB_H 1
| #define HAVE_STRING_H 1
| #define HAVE_MEMORY_H 1
| #define HAVE_STRINGS_H 1
| #define HAVE_INTTYPES_H 1
| #define HAVE_STDINT_H 1
| #define HAVE_UNISTD_H 1
| #define __EXTENSIONS__ 1
| #define _ALL_SOURCE 1
| #define _GNU_SOURCE 1
| #define _POSIX_PTHREAD_SEMANTICS 1
| #define _TANDEM_SOURCE 1
| #define HAVE_PTHREAD_PRIO_INHERIT 1
| #define MYTHREAD_POSIX 1
| #define HAVE_CLOCK_GETTIME 1
| #define HAVE_DECL_CLOCK_MONOTONIC 1
| #define HAVE_DLFCN_H 1
| #define LT_OBJDIR ".libs/"
| #define HAVE_CFPREFERENCESCOPYAPPVALUE 1
| #define HAVE_CFLOCALECOPYCURRENT 1
| #define HAVE_ICONV 1
| #define HAVE_FCNTL_H 1
| #define HAVE_LIMITS_H 1
| #define HAVE_SYS_TIME_H 1
| #define HAVE__BOOL 1
| #define HAVE_STDBOOL_H 1
| #define HAVE_UINTPTR_T 1
| #define SIZEOF_SIZE_T 8
| #define HAVE_STRUCT_STAT_ST_ATIMESPEC_TV_NSEC 1
| /* end confdefs.h.  */
| #include <stdio.h>
| #ifdef HAVE_SYS_TYPES_H
| # include <sys/types.h>
| #endif
| #ifdef HAVE_SYS_STAT_H
| # include <sys/stat.h>
| #endif
| #ifdef STDC_HEADERS
| # include <stdlib.h>
| # include <stddef.h>
| #else
| # ifdef HAVE_STDLIB_H
| #  include <stdlib.h>
| # endif
| #endif
| #ifdef HAVE_STRING_H
| # if !defined STDC_HEADERS && defined HAVE_MEMORY_H
| #  include <memory.h>
| # endif
| # include <string.h>
| #endif
| #ifdef HAVE_STRINGS_H
| # include <strings.h>
| #endif
| #ifdef HAVE_INTTYPES_H
| # include <inttypes.h>
| #endif
| #ifdef HAVE_STDINT_H
| # include <stdint.h>
| #endif
| #ifdef HAVE_UNISTD_H
| # include <unistd.h>
| #endif
| int
| main ()
| {
| static struct stat ac_aggr;
| if (sizeof ac_aggr.st_atimensec)
| return 0;
|   ;
|   return 0;
| }
configure:17702: result: no
configure:17711: checking for struct stat.st_uatime
configure:17711: /usr/bin/cc -c -Wno-format-nonliteral -isysroot /Library/Developer/CommandLineTools/SDKs/MacOSX.sdk -O3  conftest.c >&5
conftest.c:110:13: error: no member named 'st_uatime' in 'struct stat'
  110 | if (ac_aggr.st_uatime)
      |     ~~~~~~~ ^
1 error generated.
configure:17711: $? = 1
configure: failed program was:
| /* confdefs.h */
| #define PACKAGE_NAME "XZ Utils"
| #define PACKAGE_TARNAME "xz"
| #define PACKAGE_VERSION "5.2.4"
| #define PACKAGE_STRING "XZ Utils 5.2.4"
| #define PACKAGE_BUGREPORT "lasse.collin@tukaani.org"
| #define PACKAGE_URL "https://tukaani.org/xz/"
| #define NDEBUG 1
| #define HAVE_ENCODER_LZMA1 1
| #define HAVE_ENCODER_LZMA2 1
| #define HAVE_ENCODER_DELTA 1
| #define HAVE_ENCODER_X86 1
| #define HAVE_ENCODER_POWERPC 1
| #define HAVE_ENCODER_IA64 1
| #define HAVE_ENCODER_ARM 1
| #define HAVE_ENCODER_ARMTHUMB 1
| #define HAVE_ENCODER_SPARC 1
| #define HAVE_ENCODERS 1
| #define HAVE_DECODER_LZMA1 1
| #define HAVE_DECODER_LZMA2 1
| #define HAVE_DECODER_DELTA 1
| #define HAVE_DECODER_X86 1
| #define HAVE_DECODER_POWERPC 1
| #define HAVE_DECODER_IA64 1
| #define HAVE_DECODER_ARM 1
| #define HAVE_DECODER_ARMTHUMB 1
| #define HAVE_DECODER_SPARC 1
| #define HAVE_DECODERS 1
| #define HAVE_MF_HC3 1
| #define HAVE_MF_HC4 1
| #define HAVE_MF_BT2 1
| #define HAVE_MF_BT3 1
| #define HAVE_MF_BT4 1
| #define HAVE_CHECK_CRC32 1
| #define HAVE_CHECK_CRC64 1
| #define HAVE_CHECK_SHA256 1
| #define ASSUME_RAM 128
| #define PACKAGE "xz"
| #define VERSION "5.2.4"
| #define STDC_HEADERS 1
| #define HAVE_SYS_TYPES_H 1
| #define HAVE_SYS_STAT_H 1
| #define HAVE_STDLIB_H 1
| #define HAVE_STRING_H 1
| #define HAVE_MEMORY_H 1
| #define HAVE_STRINGS_H 1
| #define HAVE_INTTYPES_H 1
| #define HAVE_STDINT_H 1
| #define HAVE_UNISTD_H 1
| #define __EXTENSIONS__ 1
| #define _ALL_SOURCE 1
| #define _GNU_SOURCE 1
| #define _POSIX_PTHREAD_SEMANTICS 1
| #define _TANDEM_SOURCE 1
| #define HAVE_PTHREAD_PRIO_INHERIT 1
| #define MYTHREAD_POSIX 1
| #define HAVE_CLOCK_GETTIME 1
| #define HAVE_DECL_CLOCK_MONOTONIC 1
| #define HAVE_DLFCN_H 1
| #define LT_OBJDIR ".libs/"
| #define HAVE_CFPREFERENCESCOPYAPPVALUE 1
| #define HAVE_CFLOCALECOPYCURRENT 1
| #define HAVE_ICONV 1
| #define HAVE_FCNTL_H 1
| #define HAVE_LIMITS_H 1
| #define HAVE_SYS_TIME_H 1
| #define HAVE__BOOL 1
| #define HAVE_STDBOOL_H 1
| #define HAVE_UINTPTR_T 1
| #define SIZEOF_SIZE_T 8
| #define HAVE_STRUCT_STAT_ST_ATIMESPEC_TV_NSEC 1
| /* end confdefs.h.  */
| #include <stdio.h>
| #ifdef HAVE_SYS_TYPES_H
| # include <sys/types.h>
| #endif
| #ifdef HAVE_SYS_STAT_H
| # include <sys/stat.h>
| #endif
| #ifdef STDC_HEADERS
| # include <stdlib.h>
| # include <stddef.h>
| #else
| # ifdef HAVE_STDLIB_H
| #  include <stdlib.h>
| # endif
| #endif
| #ifdef HAVE_STRING_H
| # if !defined STDC_HEADERS && defined HAVE_MEMORY_H
| #  include <memory.h>
| # endif
| # include <string.h>
| #endif
| #ifdef HAVE_STRINGS_H
| # include <strings.h>
| #endif
| #ifdef HAVE_INTTYPES_H
| # include <inttypes.h>
| #endif
| #ifdef HAVE_STDINT_H
| # include <stdint.h>
| #endif
| #ifdef HAVE_UNISTD_H
| # include <unistd.h>
| #endif
| int
| main ()
| {
| static struct stat ac_aggr;
| if (ac_aggr.st_uatime)
| return 0;
|   ;
|   return 0;
| }
configure:17711: /usr/bin/cc -c -Wno-format-nonliteral -isysroot /Library/Developer/CommandLineTools/SDKs/MacOSX.sdk -O3  conftest.c >&5
conftest.c:110:20: error: no member named 'st_uatime' in 'struct stat'
  110 | if (sizeof ac_aggr.st_uatime)
      |            ~~~~~~~ ^
1 error generated.
configure:17711: $? = 1
configure: failed program was:
| /* confdefs.h */
| #define PACKAGE_NAME "XZ Utils"
| #define PACKAGE_TARNAME "xz"
| #define PACKAGE_VERSION "5.2.4"
| #define PACKAGE_STRING "XZ Utils 5.2.4"
| #define PACKAGE_BUGREPORT "lasse.collin@tukaani.org"
| #define PACKAGE_URL "https://tukaani.org/xz/"
| #define NDEBUG 1
| #define HAVE_ENCODER_LZMA1 1
| #define HAVE_ENCODER_LZMA2 1
| #define HAVE_ENCODER_DELTA 1
| #define HAVE_ENCODER_X86 1
| #define HAVE_ENCODER_POWERPC 1
| #define HAVE_ENCODER_IA64 1
| #define HAVE_ENCODER_ARM 1
| #define HAVE_ENCODER_ARMTHUMB 1
| #define HAVE_ENCODER_SPARC 1
| #define HAVE_ENCODERS 1
| #define HAVE_DECODER_LZMA1 1
| #define HAVE_DECODER_LZMA2 1
| #define HAVE_DECODER_DELTA 1
| #define HAVE_DECODER_X86 1
| #define HAVE_DECODER_POWERPC 1
| #define HAVE_DECODER_IA64 1
| #define HAVE_DECODER_ARM 1
| #define HAVE_DECODER_ARMTHUMB 1
| #define HAVE_DECODER_SPARC 1
| #define HAVE_DECODERS 1
| #define HAVE_MF_HC3 1
| #define HAVE_MF_HC4 1
| #define HAVE_MF_BT2 1
| #define HAVE_MF_BT3 1
| #define HAVE_MF_BT4 1
| #define HAVE_CHECK_CRC32 1
| #define HAVE_CHECK_CRC64 1
| #define HAVE_CHECK_SHA256 1
| #define ASSUME_RAM 128
| #define PACKAGE "xz"
| #define VERSION "5.2.4"
| #define STDC_HEADERS 1
| #define HAVE_SYS_TYPES_H 1
| #define HAVE_SYS_STAT_H 1
| #define HAVE_STDLIB_H 1
| #define HAVE_STRING_H 1
| #define HAVE_MEMORY_H 1
| #define HAVE_STRINGS_H 1
| #define HAVE_INTTYPES_H 1
| #define HAVE_STDINT_H 1
| #define HAVE_UNISTD_H 1
| #define __EXTENSIONS__ 1
| #define _ALL_SOURCE 1
| #define _GNU_SOURCE 1
| #define _POSIX_PTHREAD_SEMANTICS 1
| #define _TANDEM_SOURCE 1
| #define HAVE_PTHREAD_PRIO_INHERIT 1
| #define MYTHREAD_POSIX 1
| #define HAVE_CLOCK_GETTIME 1
| #define HAVE_DECL_CLOCK_MONOTONIC 1
| #define HAVE_DLFCN_H 1
| #define LT_OBJDIR ".libs/"
| #define HAVE_CFPREFERENCESCOPYAPPVALUE 1
| #define HAVE_CFLOCALECOPYCURRENT 1
| #define HAVE_ICONV 1
| #define HAVE_FCNTL_H 1
| #define HAVE_LIMITS_H 1
| #define HAVE_SYS_TIME_H 1
| #define HAVE__BOOL 1
| #define HAVE_STDBOOL_H 1
| #define HAVE_UINTPTR_T 1
| #define SIZEOF_SIZE_T 8
| #define HAVE_STRUCT_STAT_ST_ATIMESPEC_TV_NSEC 1
| /* end confdefs.h.  */
| #include <stdio.h>
| #ifdef HAVE_SYS_TYPES_H
| # include <sys/types.h>
| #endif
| #ifdef HAVE_SYS_STAT_H
| # include <sys/stat.h>
| #endif
| #ifdef STDC_HEADERS
| # include <stdlib.h>
| # include <stddef.h>
| #else
| # ifdef HAVE_STDLIB_H
| #  include <stdlib.h>
| # endif
| #endif
| #ifdef HAVE_STRING_H
| # if !defined STDC_HEADERS && defined HAVE_MEMORY_H
| #  include <memory.h>
| # endif
| # include <string.h>
| #endif
| #ifdef HAVE_STRINGS_H
| # include <strings.h>
| #endif
| #ifdef HAVE_INTTYPES_H
| # include <inttypes.h>
| #endif
| #ifdef HAVE_STDINT_H
| # include <stdint.h>
| #endif
| #ifdef HAVE_UNISTD_H
| # include <unistd.h>
| #endif
| int
| main ()
| {
| static struct stat ac_aggr;
| if (sizeof ac_aggr.st_uatime)
| return 0;
|   ;
|   return 0;
| }
configure:17711: result: no
configure:17720: checking for struct stat.st_atim.st__tim.tv_nsec
configure:17720: /usr/bin/cc -c -Wno-format-nonliteral -isysroot /Library/Developer/CommandLineTools/SDKs/MacOSX.sdk -O3  conftest.c >&5
conftest.c:110:13: error: no member named 'st_atim' in 'struct stat'
  110 | if (ac_aggr.st_atim.st__tim.tv_nsec)
      |     ~~~~~~~ ^
1 error generated.
configure:17720: $? = 1
configure: failed program was:
| /* confdefs.h */
| #define PACKAGE_NAME "XZ Utils"
| #define PACKAGE_TARNAME "xz"
| #define PACKAGE_VERSION "5.2.4"
| #define PACKAGE_STRING "XZ Utils 5.2.4"
| #define PACKAGE_BUGREPORT "lasse.collin@tukaani.org"
| #define PACKAGE_URL "https://tukaani.org/xz/"
| #define NDEBUG 1
| #define HAVE_ENCODER_LZMA1 1
| #define HAVE_ENCODER_LZMA2 1
| #define HAVE_ENCODER_DELTA 1
| #define HAVE_ENCODER_X86 1
| #define HAVE_ENCODER_POWERPC 1
| #define HAVE_ENCODER_IA64 1
| #define HAVE_ENCODER_ARM 1
| #define HAVE_ENCODER_ARMTHUMB 1
| #define HAVE_ENCODER_SPARC 1
| #define HAVE_ENCODERS 1
| #define HAVE_DECODER_LZMA1 1
| #define HAVE_DECODER_LZMA2 1
| #define HAVE_DECODER_DELTA 1
| #define HAVE_DECODER_X86 1
| #define HAVE_DECODER_POWERPC 1
| #define HAVE_DECODER_IA64 1
| #define HAVE_DECODER_ARM 1
| #define HAVE_DECODER_ARMTHUMB 1
| #define HAVE_DECODER_SPARC 1
| #define HAVE_DECODERS 1
| #define HAVE_MF_HC3 1
| #define HAVE_MF_HC4 1
| #define HAVE_MF_BT2 1
| #define HAVE_MF_BT3 1
| #define HAVE_MF_BT4 1
| #define HAVE_CHECK_CRC32 1
| #define HAVE_CHECK_CRC64 1
| #define HAVE_CHECK_SHA256 1
| #define ASSUME_RAM 128
| #define PACKAGE "xz"
| #define VERSION "5.2.4"
| #define STDC_HEADERS 1
| #define HAVE_SYS_TYPES_H 1
| #define HAVE_SYS_STAT_H 1
| #define HAVE_STDLIB_H 1
| #define HAVE_STRING_H 1
| #define HAVE_MEMORY_H 1
| #define HAVE_STRINGS_H 1
| #define HAVE_INTTYPES_H 1
| #define HAVE_STDINT_H 1
| #define HAVE_UNISTD_H 1
| #define __EXTENSIONS__ 1
| #define _ALL_SOURCE 1
| #define _GNU_SOURCE 1
| #define _POSIX_PTHREAD_SEMANTICS 1
| #define _TANDEM_SOURCE 1
| #define HAVE_PTHREAD_PRIO_INHERIT 1
| #define MYTHREAD_POSIX 1
| #define HAVE_CLOCK_GETTIME 1
| #define HAVE_DECL_CLOCK_MONOTONIC 1
| #define HAVE_DLFCN_H 1
| #define LT_OBJDIR ".libs/"
| #define HAVE_CFPREFERENCESCOPYAPPVALUE 1
| #define HAVE_CFLOCALECOPYCURRENT 1
| #define HAVE_ICONV 1
| #define HAVE_FCNTL_H 1
| #define HAVE_LIMITS_H 1
| #define HAVE_SYS_TIME_H 1
| #define HAVE__BOOL 1
| #define HAVE_STDBOOL_H 1
| #define HAVE_UINTPTR_T 1
| #define SIZEOF_SIZE_T 8
| #define HAVE_STRUCT_STAT_ST_ATIMESPEC_TV_NSEC 1
| /* end confdefs.h.  */
| #include <stdio.h>
| #ifdef HAVE_SYS_TYPES_H
| # include <sys/types.h>
| #endif
| #ifdef HAVE_SYS_STAT_H
| # include <sys/stat.h>
| #endif
| #ifdef STDC_HEADERS
| # include <stdlib.h>
| # include <stddef.h>
| #else
| # ifdef HAVE_STDLIB_H
| #  include <stdlib.h>
| # endif
| #endif
| #ifdef HAVE_STRING_H
| # if !defined STDC_HEADERS && defined HAVE_MEMORY_H
| #  include <memory.h>
| # endif
| # include <string.h>
| #endif
| #ifdef HAVE_STRINGS_H
| # include <strings.h>
| #endif
| #ifdef HAVE_INTTYPES_H
| # include <inttypes.h>
| #endif
| #ifdef HAVE_STDINT_H
| # include <stdint.h>
| #endif
| #ifdef HAVE_UNISTD_H
| # include <unistd.h>
| #endif
| int
| main ()
| {
| static struct stat ac_aggr;
| if (ac_aggr.st_atim.st__tim.tv_nsec)
| return 0;
|   ;
|   return 0;
| }
configure:17720: /usr/bin/cc -c -Wno-format-nonliteral -isysroot /Library/Developer/CommandLineTools/SDKs/MacOSX.sdk -O3  conftest.c >&5
conftest.c:110:20: error: no member named 'st_atim' in 'struct stat'
  110 | if (sizeof ac_aggr.st_atim.st__tim.tv_nsec)
      |            ~~~~~~~ ^
1 error generated.
configure:17720: $? = 1
configure: failed program was:
| /* confdefs.h */
| #define PACKAGE_NAME "XZ Utils"
| #define PACKAGE_TARNAME "xz"
| #define PACKAGE_VERSION "5.2.4"
| #define PACKAGE_STRING "XZ Utils 5.2.4"
| #define PACKAGE_BUGREPORT "lasse.collin@tukaani.org"
| #define PACKAGE_URL "https://tukaani.org/xz/"
| #define NDEBUG 1
| #define HAVE_ENCODER_LZMA1 1
| #define HAVE_ENCODER_LZMA2 1
| #define HAVE_ENCODER_DELTA 1
| #define HAVE_ENCODER_X86 1
| #define HAVE_ENCODER_POWERPC 1
| #define HAVE_ENCODER_IA64 1
| #define HAVE_ENCODER_ARM 1
| #define HAVE_ENCODER_ARMTHUMB 1
| #define HAVE_ENCODER_SPARC 1
| #define HAVE_ENCODERS 1
| #define HAVE_DECODER_LZMA1 1
| #define HAVE_DECODER_LZMA2 1
| #define HAVE_DECODER_DELTA 1
| #define HAVE_DECODER_X86 1
| #define HAVE_DECODER_POWERPC 1
| #define HAVE_DECODER_IA64 1
| #define HAVE_DECODER_ARM 1
| #define HAVE_DECODER_ARMTHUMB 1
| #define HAVE_DECODER_SPARC 1
| #define HAVE_DECODERS 1
| #define HAVE_MF_HC3 1
| #define HAVE_MF_HC4 1
| #define HAVE_MF_BT2 1
| #define HAVE_MF_BT3 1
| #define HAVE_MF_BT4 1
| #define HAVE_CHECK_CRC32 1
| #define HAVE_CHECK_CRC64 1
| #define HAVE_CHECK_SHA256 1
| #define ASSUME_RAM 128
| #define PACKAGE "xz"
| #define VERSION "5.2.4"
| #define STDC_HEADERS 1
| #define HAVE_SYS_TYPES_H 1
| #define HAVE_SYS_STAT_H 1
| #define HAVE_STDLIB_H 1
| #define HAVE_STRING_H 1
| #define HAVE_MEMORY_H 1
| #define HAVE_STRINGS_H 1
| #define HAVE_INTTYPES_H 1
| #define HAVE_STDINT_H 1
| #define HAVE_UNISTD_H 1
| #define __EXTENSIONS__ 1
| #define _ALL_SOURCE 1
| #define _GNU_SOURCE 1
| #define _POSIX_PTHREAD_SEMANTICS 1
| #define _TANDEM_SOURCE 1
| #define HAVE_PTHREAD_PRIO_INHERIT 1
| #define MYTHREAD_POSIX 1
| #define HAVE_CLOCK_GETTIME 1
| #define HAVE_DECL_CLOCK_MONOTONIC 1
| #define HAVE_DLFCN_H 1
| #define LT_OBJDIR ".libs/"
| #define HAVE_CFPREFERENCESCOPYAPPVALUE 1
| #define HAVE_CFLOCALECOPYCURRENT 1
| #define HAVE_ICONV 1
| #define HAVE_FCNTL_H 1
| #define HAVE_LIMITS_H 1
| #define HAVE_SYS_TIME_H 1
| #define HAVE__BOOL 1
| #define HAVE_STDBOOL_H 1
| #define HAVE_UINTPTR_T 1
| #define SIZEOF_SIZE_T 8
| #define HAVE_STRUCT_STAT_ST_ATIMESPEC_TV_NSEC 1
| /* end confdefs.h.  */
| #include <stdio.h>
| #ifdef HAVE_SYS_TYPES_H
| # include <sys/types.h>
| #endif
| #ifdef HAVE_SYS_STAT_H
| # include <sys/stat.h>
| #endif
| #ifdef STDC_HEADERS
| # include <stdlib.h>
| # include <stddef.h>
| #else
| # ifdef HAVE_STDLIB_H
| #  include <stdlib.h>
| # endif
| #endif
| #ifdef HAVE_STRING_H
| # if !defined STDC_HEADERS && defined HAVE_MEMORY_H
| #  include <memory.h>
| # endif
| # include <string.h>
| #endif
| #ifdef HAVE_STRINGS_H
| # include <strings.h>
| #endif
| #ifdef HAVE_INTTYPES_H
| # include <inttypes.h>
| #endif
| #ifdef HAVE_STDINT_H
| # include <stdint.h>
| #endif
| #ifdef HAVE_UNISTD_H
| # include <unistd.h>
| #endif
| int
| main ()
| {
| static struct stat ac_aggr;
| if (sizeof ac_aggr.st_atim.st__tim.tv_nsec)
| return 0;
|   ;
|   return 0;
| }
configure:17720: result: no
configure:17738: checking for special C compiler options needed for large files
configure:17783: result: no
configure:17789: checking for _FILE_OFFSET_BITS value needed for large files
configure:17814: /usr/bin/cc -c -Wno-format-nonliteral -isysroot /Library/Developer/CommandLineTools/SDKs/MacOSX.sdk -O3  conftest.c >&5
configure:17814: $? = 0
configure:17846: result: no
configure:17931: checking whether byte ordering is bigendian
configure:17946: /usr/bin/cc -c -Wno-format-nonliteral -isysroot /Library/Developer/CommandLineTools/SDKs/MacOSX.sdk -O3  conftest.c >&5
configure:17946: $? = 0
configure:17991: /usr/bin/cc -c -Wno-format-nonliteral -isysroot /Library/Developer/CommandLineTools/SDKs/MacOSX.sdk -O3  conftest.c >&5
configure:17991: $? = 0
configure:18009: /usr/bin/cc -c -Wno-format-nonliteral -isysroot /Library/Developer/CommandLineTools/SDKs/MacOSX.sdk -O3  conftest.c >&5
conftest.c:80:4: error: use of undeclared identifier 'not'
   80 |                  not big endian
      |                  ^
1 error generated.
configure:18009: $? = 1
configure: failed program was:
| /* confdefs.h */
| #define PACKAGE_NAME "XZ Utils"
| #define PACKAGE_TARNAME "xz"
| #define PACKAGE_VERSION "5.2.4"
| #define PACKAGE_STRING "XZ Utils 5.2.4"
| #define PACKAGE_BUGREPORT "lasse.collin@tukaani.org"
| #define PACKAGE_URL "https://tukaani.org/xz/"
| #define NDEBUG 1
| #define HAVE_ENCODER_LZMA1 1
| #define HAVE_ENCODER_LZMA2 1
| #define HAVE_ENCODER_DELTA 1
| #define HAVE_ENCODER_X86 1
| #define HAVE_ENCODER_POWERPC 1
| #define HAVE_ENCODER_IA64 1
| #define HAVE_ENCODER_ARM 1
| #define HAVE_ENCODER_ARMTHUMB 1
| #define HAVE_ENCODER_SPARC 1
| #define HAVE_ENCODERS 1
| #define HAVE_DECODER_LZMA1 1
| #define HAVE_DECODER_LZMA2 1
| #define HAVE_DECODER_DELTA 1
| #define HAVE_DECODER_X86 1
| #define HAVE_DECODER_POWERPC 1
| #define HAVE_DECODER_IA64 1
| #define HAVE_DECODER_ARM 1
| #define HAVE_DECODER_ARMTHUMB 1
| #define HAVE_DECODER_SPARC 1
| #define HAVE_DECODERS 1
| #define HAVE_MF_HC3 1
| #define HAVE_MF_HC4 1
| #define HAVE_MF_BT2 1
| #define HAVE_MF_BT3 1
| #define HAVE_MF_BT4 1
| #define HAVE_CHECK_CRC32 1
| #define HAVE_CHECK_CRC64 1
| #define HAVE_CHECK_SHA256 1
| #define ASSUME_RAM 128
| #define PACKAGE "xz"
| #define VERSION "5.2.4"
| #define STDC_HEADERS 1
| #define HAVE_SYS_TYPES_H 1
| #define HAVE_SYS_STAT_H 1
| #define HAVE_STDLIB_H 1
| #define HAVE_STRING_H 1
| #define HAVE_MEMORY_H 1
| #define HAVE_STRINGS_H 1
| #define HAVE_INTTYPES_H 1
| #define HAVE_STDINT_H 1
| #define HAVE_UNISTD_H 1
| #define __EXTENSIONS__ 1
| #define _ALL_SOURCE 1
| #define _GNU_SOURCE 1
| #define _POSIX_PTHREAD_SEMANTICS 1
| #define _TANDEM_SOURCE 1
| #define HAVE_PTHREAD_PRIO_INHERIT 1
| #define MYTHREAD_POSIX 1
| #define HAVE_CLOCK_GETTIME 1
| #define HAVE_DECL_CLOCK_MONOTONIC 1
| #define HAVE_DLFCN_H 1
| #define LT_OBJDIR ".libs/"
| #define HAVE_CFPREFERENCESCOPYAPPVALUE 1
| #define HAVE_CFLOCALECOPYCURRENT 1
| #define HAVE_ICONV 1
| #define HAVE_FCNTL_H 1
| #define HAVE_LIMITS_H 1
| #define HAVE_SYS_TIME_H 1
| #define HAVE__BOOL 1
| #define HAVE_STDBOOL_H 1
| #define HAVE_UINTPTR_T 1
| #define SIZEOF_SIZE_T 8
| #define HAVE_STRUCT_STAT_ST_ATIMESPEC_TV_NSEC 1
| /* end confdefs.h.  */
| #include <sys/types.h>
| 		#include <sys/param.h>
| 
| int
| main ()
| {
| #if BYTE_ORDER != BIG_ENDIAN
| 		 not big endian
| 		#endif
| 
|   ;
|   return 0;
| }
configure:18137: result: no
configure:18166: checking getopt.h usability
configure:18166: /usr/bin/cc -c -Wno-format-nonliteral -isysroot /Library/Developer/CommandLineTools/SDKs/MacOSX.sdk -O3  conftest.c >&5
configure:18166: $? = 0
configure:18166: result: yes
configure:18166: checking getopt.h presence
configure:18166: /usr/bin/cc -E  conftest.c
configure:18166: $? = 0
configure:18166: result: yes
configure:18166: checking for getopt.h
configure:18166: result: yes
configure:18183: checking for getopt_long
configure:18183: /usr/bin/cc -o conftest -Wno-format-nonliteral -isysroot /Library/Developer/CommandLineTools/SDKs/MacOSX.sdk -O3  -Qunused-arguments conftest.c   >&5
configure:18183: $? = 0
configure:18183: result: yes
configure:18197: checking whether optreset is declared
configure:18197: /usr/bin/cc -c -Wno-format-nonliteral -isysroot /Library/Developer/CommandLineTools/SDKs/MacOSX.sdk -O3  conftest.c >&5
configure:18197: $? = 0
configure:18197: result: yes
configure:18239: checking for futimens
configure:18239: /usr/bin/cc -o conftest -Wno-format-nonliteral -isysroot /Library/Developer/CommandLineTools/SDKs/MacOSX.sdk -O3  -Qunused-arguments conftest.c   >&5
configure:18239: $? = 0
configure:18239: result: yes
configure:18252: checking for posix_fadvise
configure:18252: /usr/bin/cc -o conftest -Wno-format-nonliteral -isysroot /Library/Developer/CommandLineTools/SDKs/MacOSX.sdk -O3  -Qunused-arguments conftest.c   >&5
Undefined symbols for architecture arm64:
  "_posix_fadvise", referenced from:
      _main in conftest-bdb3e1.o
ld: symbol(s) not found for architecture arm64
clang: error: linker command failed with exit code 1 (use -v to see invocation)
configure:18252: $? = 1
configure: failed program was:
| /* confdefs.h */
| #define PACKAGE_NAME "XZ Utils"
| #define PACKAGE_TARNAME "xz"
| #define PACKAGE_VERSION "5.2.4"
| #define PACKAGE_STRING "XZ Utils 5.2.4"
| #define PACKAGE_BUGREPORT "lasse.collin@tukaani.org"
| #define PACKAGE_URL "https://tukaani.org/xz/"
| #define NDEBUG 1
| #define HAVE_ENCODER_LZMA1 1
| #define HAVE_ENCODER_LZMA2 1
| #define HAVE_ENCODER_DELTA 1
| #define HAVE_ENCODER_X86 1
| #define HAVE_ENCODER_POWERPC 1
| #define HAVE_ENCODER_IA64 1
| #define HAVE_ENCODER_ARM 1
| #define HAVE_ENCODER_ARMTHUMB 1
| #define HAVE_ENCODER_SPARC 1
| #define HAVE_ENCODERS 1
| #define HAVE_DECODER_LZMA1 1
| #define HAVE_DECODER_LZMA2 1
| #define HAVE_DECODER_DELTA 1
| #define HAVE_DECODER_X86 1
| #define HAVE_DECODER_POWERPC 1
| #define HAVE_DECODER_IA64 1
| #define HAVE_DECODER_ARM 1
| #define HAVE_DECODER_ARMTHUMB 1
| #define HAVE_DECODER_SPARC 1
| #define HAVE_DECODERS 1
| #define HAVE_MF_HC3 1
| #define HAVE_MF_HC4 1
| #define HAVE_MF_BT2 1
| #define HAVE_MF_BT3 1
| #define HAVE_MF_BT4 1
| #define HAVE_CHECK_CRC32 1
| #define HAVE_CHECK_CRC64 1
| #define HAVE_CHECK_SHA256 1
| #define ASSUME_RAM 128
| #define PACKAGE "xz"
| #define VERSION "5.2.4"
| #define STDC_HEADERS 1
| #define HAVE_SYS_TYPES_H 1
| #define HAVE_SYS_STAT_H 1
| #define HAVE_STDLIB_H 1
| #define HAVE_STRING_H 1
| #define HAVE_MEMORY_H 1
| #define HAVE_STRINGS_H 1
| #define HAVE_INTTYPES_H 1
| #define HAVE_STDINT_H 1
| #define HAVE_UNISTD_H 1
| #define __EXTENSIONS__ 1
| #define _ALL_SOURCE 1
| #define _GNU_SOURCE 1
| #define _POSIX_PTHREAD_SEMANTICS 1
| #define _TANDEM_SOURCE 1
| #define HAVE_PTHREAD_PRIO_INHERIT 1
| #define MYTHREAD_POSIX 1
| #define HAVE_CLOCK_GETTIME 1
| #define HAVE_DECL_CLOCK_MONOTONIC 1
| #define HAVE_DLFCN_H 1
| #define LT_OBJDIR ".libs/"
| #define HAVE_CFPREFERENCESCOPYAPPVALUE 1
| #define HAVE_CFLOCALECOPYCURRENT 1
| #define HAVE_ICONV 1
| #define HAVE_FCNTL_H 1
| #define HAVE_LIMITS_H 1
| #define HAVE_SYS_TIME_H 1
| #define HAVE__BOOL 1
| #define HAVE_STDBOOL_H 1
| #define HAVE_UINTPTR_T 1
| #define SIZEOF_SIZE_T 8
| #define HAVE_STRUCT_STAT_ST_ATIMESPEC_TV_NSEC 1
| #define HAVE_GETOPT_H 1
| #define HAVE_GETOPT_LONG 1
| #define HAVE_OPTRESET 1
| #define HAVE_FUTIMENS 1
| /* end confdefs.h.  */
| /* Define posix_fadvise to an innocuous variant, in case <limits.h> declares posix_fadvise.
|    For example, HP-UX 11i <limits.h> declares gettimeofday.  */
| #define posix_fadvise innocuous_posix_fadvise
| 
| /* System header to define __stub macros and hopefully few prototypes,
|     which can conflict with char posix_fadvise (); below.
|     Prefer <limits.h> to <assert.h> if __STDC__ is defined, since
|     <limits.h> exists even on freestanding compilers.  */
| 
| #ifdef __STDC__
| # include <limits.h>
| #else
| # include <assert.h>
| #endif
| 
| #undef posix_fadvise
| 
| /* Override any GCC internal prototype to avoid an error.
|    Use char because int might match the return type of a GCC
|    builtin and then its argument prototype would still apply.  */
| #ifdef __cplusplus
| extern "C"
| #endif
| char posix_fadvise ();
| /* The GNU C library defines this for functions which it implements
|     to always fail with ENOSYS.  Some functions are actually named
|     something starting with __ and the normal name is an alias.  */
| #if defined __stub_posix_fadvise || defined __stub___posix_fadvise
| choke me
| #endif
| 
| int
| main ()
| {
| return posix_fadvise ();
|   ;
|   return 0;
| }
configure:18252: result: no
configure:18269: checking whether program_invocation_name is declared
configure:18269: /usr/bin/cc -c -Wno-format-nonliteral -isysroot /Library/Developer/CommandLineTools/SDKs/MacOSX.sdk -O3  conftest.c >&5
conftest.c:86:10: error: use of undeclared identifier 'program_invocation_name'
   86 |   (void) program_invocation_name;
      |          ^
1 error generated.
configure:18269: $? = 1
configure: failed program was:
| /* confdefs.h */
| #define PACKAGE_NAME "XZ Utils"
| #define PACKAGE_TARNAME "xz"
| #define PACKAGE_VERSION "5.2.4"
| #define PACKAGE_STRING "XZ Utils 5.2.4"
| #define PACKAGE_BUGREPORT "lasse.collin@tukaani.org"
| #define PACKAGE_URL "https://tukaani.org/xz/"
| #define NDEBUG 1
| #define HAVE_ENCODER_LZMA1 1
| #define HAVE_ENCODER_LZMA2 1
| #define HAVE_ENCODER_DELTA 1
| #define HAVE_ENCODER_X86 1
| #define HAVE_ENCODER_POWERPC 1
| #define HAVE_ENCODER_IA64 1
| #define HAVE_ENCODER_ARM 1
| #define HAVE_ENCODER_ARMTHUMB 1
| #define HAVE_ENCODER_SPARC 1
| #define HAVE_ENCODERS 1
| #define HAVE_DECODER_LZMA1 1
| #define HAVE_DECODER_LZMA2 1
| #define HAVE_DECODER_DELTA 1
| #define HAVE_DECODER_X86 1
| #define HAVE_DECODER_POWERPC 1
| #define HAVE_DECODER_IA64 1
| #define HAVE_DECODER_ARM 1
| #define HAVE_DECODER_ARMTHUMB 1
| #define HAVE_DECODER_SPARC 1
| #define HAVE_DECODERS 1
| #define HAVE_MF_HC3 1
| #define HAVE_MF_HC4 1
| #define HAVE_MF_BT2 1
| #define HAVE_MF_BT3 1
| #define HAVE_MF_BT4 1
| #define HAVE_CHECK_CRC32 1
| #define HAVE_CHECK_CRC64 1
| #define HAVE_CHECK_SHA256 1
| #define ASSUME_RAM 128
| #define PACKAGE "xz"
| #define VERSION "5.2.4"
| #define STDC_HEADERS 1
| #define HAVE_SYS_TYPES_H 1
| #define HAVE_SYS_STAT_H 1
| #define HAVE_STDLIB_H 1
| #define HAVE_STRING_H 1
| #define HAVE_MEMORY_H 1
| #define HAVE_STRINGS_H 1
| #define HAVE_INTTYPES_H 1
| #define HAVE_STDINT_H 1
| #define HAVE_UNISTD_H 1
| #define __EXTENSIONS__ 1
| #define _ALL_SOURCE 1
| #define _GNU_SOURCE 1
| #define _POSIX_PTHREAD_SEMANTICS 1
| #define _TANDEM_SOURCE 1
| #define HAVE_PTHREAD_PRIO_INHERIT 1
| #define MYTHREAD_POSIX 1
| #define HAVE_CLOCK_GETTIME 1
| #define HAVE_DECL_CLOCK_MONOTONIC 1
| #define HAVE_DLFCN_H 1
| #define LT_OBJDIR ".libs/"
| #define HAVE_CFPREFERENCESCOPYAPPVALUE 1
| #define HAVE_CFLOCALECOPYCURRENT 1
| #define HAVE_ICONV 1
| #define HAVE_FCNTL_H 1
| #define HAVE_LIMITS_H 1
| #define HAVE_SYS_TIME_H 1
| #define HAVE__BOOL 1
| #define HAVE_STDBOOL_H 1
| #define HAVE_UINTPTR_T 1
| #define SIZEOF_SIZE_T 8
| #define HAVE_STRUCT_STAT_ST_ATIMESPEC_TV_NSEC 1
| #define HAVE_GETOPT_H 1
| #define HAVE_GETOPT_LONG 1
| #define HAVE_OPTRESET 1
| #define HAVE_FUTIMENS 1
| /* end confdefs.h.  */
| #include <errno.h>
| 
| int
| main ()
| {
| #ifndef program_invocation_name
| #ifdef __cplusplus
|   (void) program_invocation_name;
| #else
|   (void) program_invocation_name;
| #endif
| #endif
| 
|   ;
|   return 0;
| }
configure:18269: result: no
configure:18288: checking byteswap.h usability
configure:18288: /usr/bin/cc -c -Wno-format-nonliteral -isysroot /Library/Developer/CommandLineTools/SDKs/MacOSX.sdk -O3  conftest.c >&5
conftest.c:111:10: fatal error: 'byteswap.h' file not found
  111 | #include <byteswap.h>
      |          ^~~~~~~~~~~~
1 error generated.
configure:18288: $? = 1
configure: failed program was:
| /* confdefs.h */
| #define PACKAGE_NAME "XZ Utils"
| #define PACKAGE_TARNAME "xz"
| #define PACKAGE_VERSION "5.2.4"
| #define PACKAGE_STRING "XZ Utils 5.2.4"
| #define PACKAGE_BUGREPORT "lasse.collin@tukaani.org"
| #define PACKAGE_URL "https://tukaani.org/xz/"
| #define NDEBUG 1
| #define HAVE_ENCODER_LZMA1 1
| #define HAVE_ENCODER_LZMA2 1
| #define HAVE_ENCODER_DELTA 1
| #define HAVE_ENCODER_X86 1
| #define HAVE_ENCODER_POWERPC 1
| #define HAVE_ENCODER_IA64 1
| #define HAVE_ENCODER_ARM 1
| #define HAVE_ENCODER_ARMTHUMB 1
| #define HAVE_ENCODER_SPARC 1
| #define HAVE_ENCODERS 1
| #define HAVE_DECODER_LZMA1 1
| #define HAVE_DECODER_LZMA2 1
| #define HAVE_DECODER_DELTA 1
| #define HAVE_DECODER_X86 1
| #define HAVE_DECODER_POWERPC 1
| #define HAVE_DECODER_IA64 1
| #define HAVE_DECODER_ARM 1
| #define HAVE_DECODER_ARMTHUMB 1
| #define HAVE_DECODER_SPARC 1
| #define HAVE_DECODERS 1
| #define HAVE_MF_HC3 1
| #define HAVE_MF_HC4 1
| #define HAVE_MF_BT2 1
| #define HAVE_MF_BT3 1
| #define HAVE_MF_BT4 1
| #define HAVE_CHECK_CRC32 1
| #define HAVE_CHECK_CRC64 1
| #define HAVE_CHECK_SHA256 1
| #define ASSUME_RAM 128
| #define PACKAGE "xz"
| #define VERSION "5.2.4"
| #define STDC_HEADERS 1
| #define HAVE_SYS_TYPES_H 1
| #define HAVE_SYS_STAT_H 1
| #define HAVE_STDLIB_H 1
| #define HAVE_STRING_H 1
| #define HAVE_MEMORY_H 1
| #define HAVE_STRINGS_H 1
| #define HAVE_INTTYPES_H 1
| #define HAVE_STDINT_H 1
| #define HAVE_UNISTD_H 1
| #define __EXTENSIONS__ 1
| #define _ALL_SOURCE 1
| #define _GNU_SOURCE 1
| #define _POSIX_PTHREAD_SEMANTICS 1
| #define _TANDEM_SOURCE 1
| #define HAVE_PTHREAD_PRIO_INHERIT 1
| #define MYTHREAD_POSIX 1
| #define HAVE_CLOCK_GETTIME 1
| #define HAVE_DECL_CLOCK_MONOTONIC 1
| #define HAVE_DLFCN_H 1
| #define LT_OBJDIR ".libs/"
| #define HAVE_CFPREFERENCESCOPYAPPVALUE 1
| #define HAVE_CFLOCALECOPYCURRENT 1
| #define HAVE_ICONV 1
| #define HAVE_FCNTL_H 1
| #define HAVE_LIMITS_H 1
| #define HAVE_SYS_TIME_H 1
| #define HAVE__BOOL 1
| #define HAVE_STDBOOL_H 1
| #define HAVE_UINTPTR_T 1
| #define SIZEOF_SIZE_T 8
| #define HAVE_STRUCT_STAT_ST_ATIMESPEC_TV_NSEC 1
| #define HAVE_GETOPT_H 1
| #define HAVE_GETOPT_LONG 1
| #define HAVE_OPTRESET 1
| #define HAVE_FUTIMENS 1
| #define HAVE_DECL_PROGRAM_INVOCATION_NAME 0
| /* end confdefs.h.  */
| #include <stdio.h>
| #ifdef HAVE_SYS_TYPES_H
| # include <sys/types.h>
| #endif
| #ifdef HAVE_SYS_STAT_H
| # include <sys/stat.h>
| #endif
| #ifdef STDC_HEADERS
| # include <stdlib.h>
| # include <stddef.h>
| #else
| # ifdef HAVE_STDLIB_H
| #  include <stdlib.h>
| # endif
| #endif
| #ifdef HAVE_STRING_H
| # if !defined STDC_HEADERS && defined HAVE_MEMORY_H
| #  include <memory.h>
| # endif
| # include <string.h>
| #endif
| #ifdef HAVE_STRINGS_H
| # include <strings.h>
| #endif
| #ifdef HAVE_INTTYPES_H
| # include <inttypes.h>
| #endif
| #ifdef HAVE_STDINT_H
| # include <stdint.h>
| #endif
| #ifdef HAVE_UNISTD_H
| # include <unistd.h>
| #endif
| #include <byteswap.h>
configure:18288: result: no
configure:18288: checking byteswap.h presence
configure:18288: /usr/bin/cc -E  conftest.c
conftest.c:78:10: fatal error: 'byteswap.h' file not found
   78 | #include <byteswap.h>
      |          ^~~~~~~~~~~~
1 error generated.
configure:18288: $? = 1
configure: failed program was:
| /* confdefs.h */
| #define PACKAGE_NAME "XZ Utils"
| #define PACKAGE_TARNAME "xz"
| #define PACKAGE_VERSION "5.2.4"
| #define PACKAGE_STRING "XZ Utils 5.2.4"
| #define PACKAGE_BUGREPORT "lasse.collin@tukaani.org"
| #define PACKAGE_URL "https://tukaani.org/xz/"
| #define NDEBUG 1
| #define HAVE_ENCODER_LZMA1 1
| #define HAVE_ENCODER_LZMA2 1
| #define HAVE_ENCODER_DELTA 1
| #define HAVE_ENCODER_X86 1
| #define HAVE_ENCODER_POWERPC 1
| #define HAVE_ENCODER_IA64 1
| #define HAVE_ENCODER_ARM 1
| #define HAVE_ENCODER_ARMTHUMB 1
| #define HAVE_ENCODER_SPARC 1
| #define HAVE_ENCODERS 1
| #define HAVE_DECODER_LZMA1 1
| #define HAVE_DECODER_LZMA2 1
| #define HAVE_DECODER_DELTA 1
| #define HAVE_DECODER_X86 1
| #define HAVE_DECODER_POWERPC 1
| #define HAVE_DECODER_IA64 1
| #define HAVE_DECODER_ARM 1
| #define HAVE_DECODER_ARMTHUMB 1
| #define HAVE_DECODER_SPARC 1
| #define HAVE_DECODERS 1
| #define HAVE_MF_HC3 1
| #define HAVE_MF_HC4 1
| #define HAVE_MF_BT2 1
| #define HAVE_MF_BT3 1
| #define HAVE_MF_BT4 1
| #define HAVE_CHECK_CRC32 1
| #define HAVE_CHECK_CRC64 1
| #define HAVE_CHECK_SHA256 1
| #define ASSUME_RAM 128
| #define PACKAGE "xz"
| #define VERSION "5.2.4"
| #define STDC_HEADERS 1
| #define HAVE_SYS_TYPES_H 1
| #define HAVE_SYS_STAT_H 1
| #define HAVE_STDLIB_H 1
| #define HAVE_STRING_H 1
| #define HAVE_MEMORY_H 1
| #define HAVE_STRINGS_H 1
| #define HAVE_INTTYPES_H 1
| #define HAVE_STDINT_H 1
| #define HAVE_UNISTD_H 1
| #define __EXTENSIONS__ 1
| #define _ALL_SOURCE 1
| #define _GNU_SOURCE 1
| #define _POSIX_PTHREAD_SEMANTICS 1
| #define _TANDEM_SOURCE 1
| #define HAVE_PTHREAD_PRIO_INHERIT 1
| #define MYTHREAD_POSIX 1
| #define HAVE_CLOCK_GETTIME 1
| #define HAVE_DECL_CLOCK_MONOTONIC 1
| #define HAVE_DLFCN_H 1
| #define LT_OBJDIR ".libs/"
| #define HAVE_CFPREFERENCESCOPYAPPVALUE 1
| #define HAVE_CFLOCALECOPYCURRENT 1
| #define HAVE_ICONV 1
| #define HAVE_FCNTL_H 1
| #define HAVE_LIMITS_H 1
| #define HAVE_SYS_TIME_H 1
| #define HAVE__BOOL 1
| #define HAVE_STDBOOL_H 1
| #define HAVE_UINTPTR_T 1
| #define SIZEOF_SIZE_T 8
| #define HAVE_STRUCT_STAT_ST_ATIMESPEC_TV_NSEC 1
| #define HAVE_GETOPT_H 1
| #define HAVE_GETOPT_LONG 1
| #define HAVE_OPTRESET 1
| #define HAVE_FUTIMENS 1
| #define HAVE_DECL_PROGRAM_INVOCATION_NAME 0
| /* end confdefs.h.  */
| #include <byteswap.h>
configure:18288: result: no
configure:18288: checking for byteswap.h
configure:18288: result: no
configure:18288: checking sys/endian.h usability
configure:18288: /usr/bin/cc -c -Wno-format-nonliteral -isysroot /Library/Developer/CommandLineTools/SDKs/MacOSX.sdk -O3  conftest.c >&5
configure:18288: $? = 0
configure:18288: result: yes
configure:18288: checking sys/endian.h presence
configure:18288: /usr/bin/cc -E  conftest.c
configure:18288: $? = 0
configure:18288: result: yes
configure:18288: checking for sys/endian.h
configure:18288: result: yes
configure:18393: checking if unaligned memory access should be used
configure:18421: result: no
configure:18431: checking sys/param.h usability
configure:18431: /usr/bin/cc -c -Wno-format-nonliteral -isysroot /Library/Developer/CommandLineTools/SDKs/MacOSX.sdk -O3  conftest.c >&5
configure:18431: $? = 0
configure:18431: result: yes
configure:18431: checking sys/param.h presence
configure:18431: /usr/bin/cc -E  conftest.c
configure:18431: $? = 0
configure:18431: result: yes
configure:18431: checking for sys/param.h
configure:18431: result: yes
configure:18442: checking how to detect the amount of physical memory
configure:18466: /usr/bin/cc -c -Wno-format-nonliteral -isysroot /Library/Developer/CommandLineTools/SDKs/MacOSX.sdk -O3  conftest.c >&5
conftest.c:84:1: error: unknown type name 'compile'
   84 | compile error
      | ^
conftest.c:84:14: error: expected ';' after top level declarator
   84 | compile error
      |              ^
      |              ;
2 errors generated.
configure:18466: $? = 1
configure: failed program was:
| /* confdefs.h */
| #define PACKAGE_NAME "XZ Utils"
| #define PACKAGE_TARNAME "xz"
| #define PACKAGE_VERSION "5.2.4"
| #define PACKAGE_STRING "XZ Utils 5.2.4"
| #define PACKAGE_BUGREPORT "lasse.collin@tukaani.org"
| #define PACKAGE_URL "https://tukaani.org/xz/"
| #define NDEBUG 1
| #define HAVE_ENCODER_LZMA1 1
| #define HAVE_ENCODER_LZMA2 1
| #define HAVE_ENCODER_DELTA 1
| #define HAVE_ENCODER_X86 1
| #define HAVE_ENCODER_POWERPC 1
| #define HAVE_ENCODER_IA64 1
| #define HAVE_ENCODER_ARM 1
| #define HAVE_ENCODER_ARMTHUMB 1
| #define HAVE_ENCODER_SPARC 1
| #define HAVE_ENCODERS 1
| #define HAVE_DECODER_LZMA1 1
| #define HAVE_DECODER_LZMA2 1
| #define HAVE_DECODER_DELTA 1
| #define HAVE_DECODER_X86 1
| #define HAVE_DECODER_POWERPC 1
| #define HAVE_DECODER_IA64 1
| #define HAVE_DECODER_ARM 1
| #define HAVE_DECODER_ARMTHUMB 1
| #define HAVE_DECODER_SPARC 1
| #define HAVE_DECODERS 1
| #define HAVE_MF_HC3 1
| #define HAVE_MF_HC4 1
| #define HAVE_MF_BT2 1
| #define HAVE_MF_BT3 1
| #define HAVE_MF_BT4 1
| #define HAVE_CHECK_CRC32 1
| #define HAVE_CHECK_CRC64 1
| #define HAVE_CHECK_SHA256 1
| #define ASSUME_RAM 128
| #define PACKAGE "xz"
| #define VERSION "5.2.4"
| #define STDC_HEADERS 1
| #define HAVE_SYS_TYPES_H 1
| #define HAVE_SYS_STAT_H 1
| #define HAVE_STDLIB_H 1
| #define HAVE_STRING_H 1
| #define HAVE_MEMORY_H 1
| #define HAVE_STRINGS_H 1
| #define HAVE_INTTYPES_H 1
| #define HAVE_STDINT_H 1
| #define HAVE_UNISTD_H 1
| #define __EXTENSIONS__ 1
| #define _ALL_SOURCE 1
| #define _GNU_SOURCE 1
| #define _POSIX_PTHREAD_SEMANTICS 1
| #define _TANDEM_SOURCE 1
| #define HAVE_PTHREAD_PRIO_INHERIT 1
| #define MYTHREAD_POSIX 1
| #define HAVE_CLOCK_GETTIME 1
| #define HAVE_DECL_CLOCK_MONOTONIC 1
| #define HAVE_DLFCN_H 1
| #define LT_OBJDIR ".libs/"
| #define HAVE_CFPREFERENCESCOPYAPPVALUE 1
| #define HAVE_CFLOCALECOPYCURRENT 1
| #define HAVE_ICONV 1
| #define HAVE_FCNTL_H 1
| #define HAVE_LIMITS_H 1
| #define HAVE_SYS_TIME_H 1
| #define HAVE__BOOL 1
| #define HAVE_STDBOOL_H 1
| #define HAVE_UINTPTR_T 1
| #define SIZEOF_SIZE_T 8
| #define HAVE_STRUCT_STAT_ST_ATIMESPEC_TV_NSEC 1
| #define HAVE_GETOPT_H 1
| #define HAVE_GETOPT_LONG 1
| #define HAVE_OPTRESET 1
| #define HAVE_FUTIMENS 1
| #define HAVE_DECL_PROGRAM_INVOCATION_NAME 0
| #define HAVE_SYS_ENDIAN_H 1
| #define HAVE_SYS_PARAM_H 1
| /* end confdefs.h.  */
| 
| #if defined(_WIN32) || defined(__CYGWIN__) || defined(__OS2__) 		|| defined(__DJGPP__) || defined(__VMS) 		|| defined(AMIGA) || defined(__AROS__) || defined(__QNX__)
| int main(void) { return 0; }
| #else
| compile error
| #endif
| 
configure:18487: /usr/bin/cc -c -Wno-format-nonliteral -isysroot /Library/Developer/CommandLineTools/SDKs/MacOSX.sdk -O3  conftest.c >&5
conftest.c:81:10: fatal error: 'sys/systemcfg.h' file not found
   81 | #include <sys/systemcfg.h>
      |          ^~~~~~~~~~~~~~~~~
1 error generated.
configure:18487: $? = 1
configure: failed program was:
| /* confdefs.h */
| #define PACKAGE_NAME "XZ Utils"
| #define PACKAGE_TARNAME "xz"
| #define PACKAGE_VERSION "5.2.4"
| #define PACKAGE_STRING "XZ Utils 5.2.4"
| #define PACKAGE_BUGREPORT "lasse.collin@tukaani.org"
| #define PACKAGE_URL "https://tukaani.org/xz/"
| #define NDEBUG 1
| #define HAVE_ENCODER_LZMA1 1
| #define HAVE_ENCODER_LZMA2 1
| #define HAVE_ENCODER_DELTA 1
| #define HAVE_ENCODER_X86 1
| #define HAVE_ENCODER_POWERPC 1
| #define HAVE_ENCODER_IA64 1
| #define HAVE_ENCODER_ARM 1
| #define HAVE_ENCODER_ARMTHUMB 1
| #define HAVE_ENCODER_SPARC 1
| #define HAVE_ENCODERS 1
| #define HAVE_DECODER_LZMA1 1
| #define HAVE_DECODER_LZMA2 1
| #define HAVE_DECODER_DELTA 1
| #define HAVE_DECODER_X86 1
| #define HAVE_DECODER_POWERPC 1
| #define HAVE_DECODER_IA64 1
| #define HAVE_DECODER_ARM 1
| #define HAVE_DECODER_ARMTHUMB 1
| #define HAVE_DECODER_SPARC 1
| #define HAVE_DECODERS 1
| #define HAVE_MF_HC3 1
| #define HAVE_MF_HC4 1
| #define HAVE_MF_BT2 1
| #define HAVE_MF_BT3 1
| #define HAVE_MF_BT4 1
| #define HAVE_CHECK_CRC32 1
| #define HAVE_CHECK_CRC64 1
| #define HAVE_CHECK_SHA256 1
| #define ASSUME_RAM 128
| #define PACKAGE "xz"
| #define VERSION "5.2.4"
| #define STDC_HEADERS 1
| #define HAVE_SYS_TYPES_H 1
| #define HAVE_SYS_STAT_H 1
| #define HAVE_STDLIB_H 1
| #define HAVE_STRING_H 1
| #define HAVE_MEMORY_H 1
| #define HAVE_STRINGS_H 1
| #define HAVE_INTTYPES_H 1
| #define HAVE_STDINT_H 1
| #define HAVE_UNISTD_H 1
| #define __EXTENSIONS__ 1
| #define _ALL_SOURCE 1
| #define _GNU_SOURCE 1
| #define _POSIX_PTHREAD_SEMANTICS 1
| #define _TANDEM_SOURCE 1
| #define HAVE_PTHREAD_PRIO_INHERIT 1
| #define MYTHREAD_POSIX 1
| #define HAVE_CLOCK_GETTIME 1
| #define HAVE_DECL_CLOCK_MONOTONIC 1
| #define HAVE_DLFCN_H 1
| #define LT_OBJDIR ".libs/"
| #define HAVE_CFPREFERENCESCOPYAPPVALUE 1
| #define HAVE_CFLOCALECOPYCURRENT 1
| #define HAVE_ICONV 1
| #define HAVE_FCNTL_H 1
| #define HAVE_LIMITS_H 1
| #define HAVE_SYS_TIME_H 1
| #define HAVE__BOOL 1
| #define HAVE_STDBOOL_H 1
| #define HAVE_UINTPTR_T 1
| #define SIZEOF_SIZE_T 8
| #define HAVE_STRUCT_STAT_ST_ATIMESPEC_TV_NSEC 1
| #define HAVE_GETOPT_H 1
| #define HAVE_GETOPT_LONG 1
| #define HAVE_OPTRESET 1
| #define HAVE_FUTIMENS 1
| #define HAVE_DECL_PROGRAM_INVOCATION_NAME 0
| #define HAVE_SYS_ENDIAN_H 1
| #define HAVE_SYS_PARAM_H 1
| /* end confdefs.h.  */
| 
| #include <sys/systemcfg.h>
| 
| int
| main(void)
| {
| 	(void)_system_configuration.physmem;
| 	return 0;
| }
| 
configure:18506: /usr/bin/cc -c -Wno-format-nonliteral -isysroot /Library/Developer/CommandLineTools/SDKs/MacOSX.sdk -O3  conftest.c >&5
configure:18506: $? = 0
configure:18646: result: sysconf
configure:18693: checking for sys/param.h
configure:18693: result: yes
configure:18704: checking how to detect the number of available CPU cores
configure:18726: /usr/bin/cc -c -Wno-format-nonliteral -isysroot /Library/Developer/CommandLineTools/SDKs/MacOSX.sdk -O3  conftest.c >&5
conftest.c:86:1: error: unknown type name 'compile'
   86 | compile error
      | ^
conftest.c:86:14: error: expected ';' after top level declarator
   86 | compile error
      |              ^
      |              ;
2 errors generated.
configure:18726: $? = 1
configure: failed program was:
| /* confdefs.h */
| #define PACKAGE_NAME "XZ Utils"
| #define PACKAGE_TARNAME "xz"
| #define PACKAGE_VERSION "5.2.4"
| #define PACKAGE_STRING "XZ Utils 5.2.4"
| #define PACKAGE_BUGREPORT "lasse.collin@tukaani.org"
| #define PACKAGE_URL "https://tukaani.org/xz/"
| #define NDEBUG 1
| #define HAVE_ENCODER_LZMA1 1
| #define HAVE_ENCODER_LZMA2 1
| #define HAVE_ENCODER_DELTA 1
| #define HAVE_ENCODER_X86 1
| #define HAVE_ENCODER_POWERPC 1
| #define HAVE_ENCODER_IA64 1
| #define HAVE_ENCODER_ARM 1
| #define HAVE_ENCODER_ARMTHUMB 1
| #define HAVE_ENCODER_SPARC 1
| #define HAVE_ENCODERS 1
| #define HAVE_DECODER_LZMA1 1
| #define HAVE_DECODER_LZMA2 1
| #define HAVE_DECODER_DELTA 1
| #define HAVE_DECODER_X86 1
| #define HAVE_DECODER_POWERPC 1
| #define HAVE_DECODER_IA64 1
| #define HAVE_DECODER_ARM 1
| #define HAVE_DECODER_ARMTHUMB 1
| #define HAVE_DECODER_SPARC 1
| #define HAVE_DECODERS 1
| #define HAVE_MF_HC3 1
| #define HAVE_MF_HC4 1
| #define HAVE_MF_BT2 1
| #define HAVE_MF_BT3 1
| #define HAVE_MF_BT4 1
| #define HAVE_CHECK_CRC32 1
| #define HAVE_CHECK_CRC64 1
| #define HAVE_CHECK_SHA256 1
| #define ASSUME_RAM 128
| #define PACKAGE "xz"
| #define VERSION "5.2.4"
| #define STDC_HEADERS 1
| #define HAVE_SYS_TYPES_H 1
| #define HAVE_SYS_STAT_H 1
| #define HAVE_STDLIB_H 1
| #define HAVE_STRING_H 1
| #define HAVE_MEMORY_H 1
| #define HAVE_STRINGS_H 1
| #define HAVE_INTTYPES_H 1
| #define HAVE_STDINT_H 1
| #define HAVE_UNISTD_H 1
| #define __EXTENSIONS__ 1
| #define _ALL_SOURCE 1
| #define _GNU_SOURCE 1
| #define _POSIX_PTHREAD_SEMANTICS 1
| #define _TANDEM_SOURCE 1
| #define HAVE_PTHREAD_PRIO_INHERIT 1
| #define MYTHREAD_POSIX 1
| #define HAVE_CLOCK_GETTIME 1
| #define HAVE_DECL_CLOCK_MONOTONIC 1
| #define HAVE_DLFCN_H 1
| #define LT_OBJDIR ".libs/"
| #define HAVE_CFPREFERENCESCOPYAPPVALUE 1
| #define HAVE_CFLOCALECOPYCURRENT 1
| #define HAVE_ICONV 1
| #define HAVE_FCNTL_H 1
| #define HAVE_LIMITS_H 1
| #define HAVE_SYS_TIME_H 1
| #define HAVE__BOOL 1
| #define HAVE_STDBOOL_H 1
| #define HAVE_UINTPTR_T 1
| #define SIZEOF_SIZE_T 8
| #define HAVE_STRUCT_STAT_ST_ATIMESPEC_TV_NSEC 1
| #define HAVE_GETOPT_H 1
| #define HAVE_GETOPT_LONG 1
| #define HAVE_OPTRESET 1
| #define HAVE_FUTIMENS 1
| #define HAVE_DECL_PROGRAM_INVOCATION_NAME 0
| #define HAVE_SYS_ENDIAN_H 1
| #define HAVE_SYS_PARAM_H 1
| #define TUKLIB_PHYSMEM_SYSCONF 1
| #define HAVE_SYS_PARAM_H 1
| /* end confdefs.h.  */
| 
| #if defined(_WIN32) || defined(__CYGWIN__)
| int main(void) { return 0; }
| #else
| compile error
| #endif
| 
configure:18749: /usr/bin/cc -o conftest -Wno-format-nonliteral -isysroot /Library/Developer/CommandLineTools/SDKs/MacOSX.sdk -O3  -Qunused-arguments conftest.c   >&5
conftest.c:87:2: error: use of undeclared identifier 'cpu_set_t'
   87 |         cpu_set_t cpu_mask;
      |         ^
conftest.c:88:2: error: call to undeclared function 'sched_getaffinity'; ISO C99 and later do not support implicit function declarations [-Wimplicit-function-declaration]
   88 |         sched_getaffinity(0, sizeof(cpu_mask), &cpu_mask);
      |         ^
conftest.c:88:30: error: use of undeclared identifier 'cpu_mask'
   88 |         sched_getaffinity(0, sizeof(cpu_mask), &cpu_mask);
      |                                     ^
conftest.c:88:42: error: use of undeclared identifier 'cpu_mask'
   88 |         sched_getaffinity(0, sizeof(cpu_mask), &cpu_mask);
      |                                                 ^
conftest.c:89:9: error: call to undeclared function 'CPU_COUNT'; ISO C99 and later do not support implicit function declarations [-Wimplicit-function-declaration]
   89 |         return CPU_COUNT(&cpu_mask);
      |                ^
conftest.c:89:20: error: use of undeclared identifier 'cpu_mask'
   89 |         return CPU_COUNT(&cpu_mask);
      |                           ^
6 errors generated.
configure:18749: $? = 1
configure: failed program was:
| /* confdefs.h */
| #define PACKAGE_NAME "XZ Utils"
| #define PACKAGE_TARNAME "xz"
| #define PACKAGE_VERSION "5.2.4"
| #define PACKAGE_STRING "XZ Utils 5.2.4"
| #define PACKAGE_BUGREPORT "lasse.collin@tukaani.org"
| #define PACKAGE_URL "https://tukaani.org/xz/"
| #define NDEBUG 1
| #define HAVE_ENCODER_LZMA1 1
| #define HAVE_ENCODER_LZMA2 1
| #define HAVE_ENCODER_DELTA 1
| #define HAVE_ENCODER_X86 1
| #define HAVE_ENCODER_POWERPC 1
| #define HAVE_ENCODER_IA64 1
| #define HAVE_ENCODER_ARM 1
| #define HAVE_ENCODER_ARMTHUMB 1
| #define HAVE_ENCODER_SPARC 1
| #define HAVE_ENCODERS 1
| #define HAVE_DECODER_LZMA1 1
| #define HAVE_DECODER_LZMA2 1
| #define HAVE_DECODER_DELTA 1
| #define HAVE_DECODER_X86 1
| #define HAVE_DECODER_POWERPC 1
| #define HAVE_DECODER_IA64 1
| #define HAVE_DECODER_ARM 1
| #define HAVE_DECODER_ARMTHUMB 1
| #define HAVE_DECODER_SPARC 1
| #define HAVE_DECODERS 1
| #define HAVE_MF_HC3 1
| #define HAVE_MF_HC4 1
| #define HAVE_MF_BT2 1
| #define HAVE_MF_BT3 1
| #define HAVE_MF_BT4 1
| #define HAVE_CHECK_CRC32 1
| #define HAVE_CHECK_CRC64 1
| #define HAVE_CHECK_SHA256 1
| #define ASSUME_RAM 128
| #define PACKAGE "xz"
| #define VERSION "5.2.4"
| #define STDC_HEADERS 1
| #define HAVE_SYS_TYPES_H 1
| #define HAVE_SYS_STAT_H 1
| #define HAVE_STDLIB_H 1
| #define HAVE_STRING_H 1
| #define HAVE_MEMORY_H 1
| #define HAVE_STRINGS_H 1
| #define HAVE_INTTYPES_H 1
| #define HAVE_STDINT_H 1
| #define HAVE_UNISTD_H 1
| #define __EXTENSIONS__ 1
| #define _ALL_SOURCE 1
| #define _GNU_SOURCE 1
| #define _POSIX_PTHREAD_SEMANTICS 1
| #define _TANDEM_SOURCE 1
| #define HAVE_PTHREAD_PRIO_INHERIT 1
| #define MYTHREAD_POSIX 1
| #define HAVE_CLOCK_GETTIME 1
| #define HAVE_DECL_CLOCK_MONOTONIC 1
| #define HAVE_DLFCN_H 1
| #define LT_OBJDIR ".libs/"
| #define HAVE_CFPREFERENCESCOPYAPPVALUE 1
| #define HAVE_CFLOCALECOPYCURRENT 1
| #define HAVE_ICONV 1
| #define HAVE_FCNTL_H 1
| #define HAVE_LIMITS_H 1
| #define HAVE_SYS_TIME_H 1
| #define HAVE__BOOL 1
| #define HAVE_STDBOOL_H 1
| #define HAVE_UINTPTR_T 1
| #define SIZEOF_SIZE_T 8
| #define HAVE_STRUCT_STAT_ST_ATIMESPEC_TV_NSEC 1
| #define HAVE_GETOPT_H 1
| #define HAVE_GETOPT_LONG 1
| #define HAVE_OPTRESET 1
| #define HAVE_FUTIMENS 1
| #define HAVE_DECL_PROGRAM_INVOCATION_NAME 0
| #define HAVE_SYS_ENDIAN_H 1
| #define HAVE_SYS_PARAM_H 1
| #define TUKLIB_PHYSMEM_SYSCONF 1
| #define HAVE_SYS_PARAM_H 1
| /* end confdefs.h.  */
| 
| #include <sched.h>
| int
| main(void)
| {
| 	cpu_set_t cpu_mask;
| 	sched_getaffinity(0, sizeof(cpu_mask), &cpu_mask);
| 	return CPU_COUNT(&cpu_mask);
| }
| 
configure:18777: /usr/bin/cc -c -Wno-format-nonliteral -isysroot /Library/Developer/CommandLineTools/SDKs/MacOSX.sdk -O3  conftest.c >&5
conftest.c:84:10: fatal error: 'sys/cpuset.h' file not found
   84 | #include <sys/cpuset.h>
      |          ^~~~~~~~~~~~~~
1 error generated.
configure:18777: $? = 1
configure: failed program was:
| /* confdefs.h */
| #define PACKAGE_NAME "XZ Utils"
| #define PACKAGE_TARNAME "xz"
| #define PACKAGE_VERSION "5.2.4"
| #define PACKAGE_STRING "XZ Utils 5.2.4"
| #define PACKAGE_BUGREPORT "lasse.collin@tukaani.org"
| #define PACKAGE_URL "https://tukaani.org/xz/"
| #define NDEBUG 1
| #define HAVE_ENCODER_LZMA1 1
| #define HAVE_ENCODER_LZMA2 1
| #define HAVE_ENCODER_DELTA 1
| #define HAVE_ENCODER_X86 1
| #define HAVE_ENCODER_POWERPC 1
| #define HAVE_ENCODER_IA64 1
| #define HAVE_ENCODER_ARM 1
| #define HAVE_ENCODER_ARMTHUMB 1
| #define HAVE_ENCODER_SPARC 1
| #define HAVE_ENCODERS 1
| #define HAVE_DECODER_LZMA1 1
| #define HAVE_DECODER_LZMA2 1
| #define HAVE_DECODER_DELTA 1
| #define HAVE_DECODER_X86 1
| #define HAVE_DECODER_POWERPC 1
| #define HAVE_DECODER_IA64 1
| #define HAVE_DECODER_ARM 1
| #define HAVE_DECODER_ARMTHUMB 1
| #define HAVE_DECODER_SPARC 1
| #define HAVE_DECODERS 1
| #define HAVE_MF_HC3 1
| #define HAVE_MF_HC4 1
| #define HAVE_MF_BT2 1
| #define HAVE_MF_BT3 1
| #define HAVE_MF_BT4 1
| #define HAVE_CHECK_CRC32 1
| #define HAVE_CHECK_CRC64 1
| #define HAVE_CHECK_SHA256 1
| #define ASSUME_RAM 128
| #define PACKAGE "xz"
| #define VERSION "5.2.4"
| #define STDC_HEADERS 1
| #define HAVE_SYS_TYPES_H 1
| #define HAVE_SYS_STAT_H 1
| #define HAVE_STDLIB_H 1
| #define HAVE_STRING_H 1
| #define HAVE_MEMORY_H 1
| #define HAVE_STRINGS_H 1
| #define HAVE_INTTYPES_H 1
| #define HAVE_STDINT_H 1
| #define HAVE_UNISTD_H 1
| #define __EXTENSIONS__ 1
| #define _ALL_SOURCE 1
| #define _GNU_SOURCE 1
| #define _POSIX_PTHREAD_SEMANTICS 1
| #define _TANDEM_SOURCE 1
| #define HAVE_PTHREAD_PRIO_INHERIT 1
| #define MYTHREAD_POSIX 1
| #define HAVE_CLOCK_GETTIME 1
| #define HAVE_DECL_CLOCK_MONOTONIC 1
| #define HAVE_DLFCN_H 1
| #define LT_OBJDIR ".libs/"
| #define HAVE_CFPREFERENCESCOPYAPPVALUE 1
| #define HAVE_CFLOCALECOPYCURRENT 1
| #define HAVE_ICONV 1
| #define HAVE_FCNTL_H 1
| #define HAVE_LIMITS_H 1
| #define HAVE_SYS_TIME_H 1
| #define HAVE__BOOL 1
| #define HAVE_STDBOOL_H 1
| #define HAVE_UINTPTR_T 1
| #define SIZEOF_SIZE_T 8
| #define HAVE_STRUCT_STAT_ST_ATIMESPEC_TV_NSEC 1
| #define HAVE_GETOPT_H 1
| #define HAVE_GETOPT_LONG 1
| #define HAVE_OPTRESET 1
| #define HAVE_FUTIMENS 1
| #define HAVE_DECL_PROGRAM_INVOCATION_NAME 0
| #define HAVE_SYS_ENDIAN_H 1
| #define HAVE_SYS_PARAM_H 1
| #define TUKLIB_PHYSMEM_SYSCONF 1
| #define HAVE_SYS_PARAM_H 1
| /* end confdefs.h.  */
| 
| #include <sys/param.h>
| #include <sys/cpuset.h>
| 
| int
| main(void)
| {
| 	cpuset_t set;
| 	cpuset_getaffinity(CPU_LEVEL_WHICH, CPU_WHICH_PID, -1,
| 			sizeof(set), &set);
| 	return 0;
| }
| 
configure:18811: /usr/bin/cc -c -Wno-format-nonliteral -isysroot /Library/Developer/CommandLineTools/SDKs/MacOSX.sdk -O3  conftest.c >&5
configure:18811: $? = 0
configure:18877: result: sysctl
configure:18911: checking whether mbrtowc and mbstate_t are properly declared
configure:18931: /usr/bin/cc -o conftest -Wno-format-nonliteral -isysroot /Library/Developer/CommandLineTools/SDKs/MacOSX.sdk -O3  -Qunused-arguments conftest.c   >&5
configure:18931: $? = 0
configure:18939: result: yes
configure:18949: checking for wcwidth
configure:18949: /usr/bin/cc -o conftest -Wno-format-nonliteral -isysroot /Library/Developer/CommandLineTools/SDKs/MacOSX.sdk -O3  -Qunused-arguments conftest.c   >&5
configure:18949: $? = 0
configure:18949: result: yes
configure:19201: checking whether _mm_movemask_epi8 is declared
configure:19201: /usr/bin/cc -c -Wno-format-nonliteral -isysroot /Library/Developer/CommandLineTools/SDKs/MacOSX.sdk -O3  conftest.c >&5
conftest.c:96:10: error: use of undeclared identifier '_mm_movemask_epi8'
   96 |   (void) _mm_movemask_epi8;
      |          ^
1 error generated.
configure:19201: $? = 1
configure: failed program was:
| /* confdefs.h */
| #define PACKAGE_NAME "XZ Utils"
| #define PACKAGE_TARNAME "xz"
| #define PACKAGE_VERSION "5.2.4"
| #define PACKAGE_STRING "XZ Utils 5.2.4"
| #define PACKAGE_BUGREPORT "lasse.collin@tukaani.org"
| #define PACKAGE_URL "https://tukaani.org/xz/"
| #define NDEBUG 1
| #define HAVE_ENCODER_LZMA1 1
| #define HAVE_ENCODER_LZMA2 1
| #define HAVE_ENCODER_DELTA 1
| #define HAVE_ENCODER_X86 1
| #define HAVE_ENCODER_POWERPC 1
| #define HAVE_ENCODER_IA64 1
| #define HAVE_ENCODER_ARM 1
| #define HAVE_ENCODER_ARMTHUMB 1
| #define HAVE_ENCODER_SPARC 1
| #define HAVE_ENCODERS 1
| #define HAVE_DECODER_LZMA1 1
| #define HAVE_DECODER_LZMA2 1
| #define HAVE_DECODER_DELTA 1
| #define HAVE_DECODER_X86 1
| #define HAVE_DECODER_POWERPC 1
| #define HAVE_DECODER_IA64 1
| #define HAVE_DECODER_ARM 1
| #define HAVE_DECODER_ARMTHUMB 1
| #define HAVE_DECODER_SPARC 1
| #define HAVE_DECODERS 1
| #define HAVE_MF_HC3 1
| #define HAVE_MF_HC4 1
| #define HAVE_MF_BT2 1
| #define HAVE_MF_BT3 1
| #define HAVE_MF_BT4 1
| #define HAVE_CHECK_CRC32 1
| #define HAVE_CHECK_CRC64 1
| #define HAVE_CHECK_SHA256 1
| #define ASSUME_RAM 128
| #define PACKAGE "xz"
| #define VERSION "5.2.4"
| #define STDC_HEADERS 1
| #define HAVE_SYS_TYPES_H 1
| #define HAVE_SYS_STAT_H 1
| #define HAVE_STDLIB_H 1
| #define HAVE_STRING_H 1
| #define HAVE_MEMORY_H 1
| #define HAVE_STRINGS_H 1
| #define HAVE_INTTYPES_H 1
| #define HAVE_STDINT_H 1
| #define HAVE_UNISTD_H 1
| #define __EXTENSIONS__ 1
| #define _ALL_SOURCE 1
| #define _GNU_SOURCE 1
| #define _POSIX_PTHREAD_SEMANTICS 1
| #define _TANDEM_SOURCE 1
| #define HAVE_PTHREAD_PRIO_INHERIT 1
| #define MYTHREAD_POSIX 1
| #define HAVE_CLOCK_GETTIME 1
| #define HAVE_DECL_CLOCK_MONOTONIC 1
| #define HAVE_DLFCN_H 1
| #define LT_OBJDIR ".libs/"
| #define HAVE_CFPREFERENCESCOPYAPPVALUE 1
| #define HAVE_CFLOCALECOPYCURRENT 1
| #define HAVE_ICONV 1
| #define HAVE_FCNTL_H 1
| #define HAVE_LIMITS_H 1
| #define HAVE_SYS_TIME_H 1
| #define HAVE__BOOL 1
| #define HAVE_STDBOOL_H 1
| #define HAVE_UINTPTR_T 1
| #define SIZEOF_SIZE_T 8
| #define HAVE_STRUCT_STAT_ST_ATIMESPEC_TV_NSEC 1
| #define HAVE_GETOPT_H 1
| #define HAVE_GETOPT_LONG 1
| #define HAVE_OPTRESET 1
| #define HAVE_FUTIMENS 1
| #define HAVE_DECL_PROGRAM_INVOCATION_NAME 0
| #define HAVE_SYS_ENDIAN_H 1
| #define HAVE_SYS_PARAM_H 1
| #define TUKLIB_PHYSMEM_SYSCONF 1
| #define HAVE_SYS_PARAM_H 1
| #define TUKLIB_CPUCORES_SYSCTL 1
| #define HAVE_MBRTOWC 1
| #define HAVE_WCWIDTH 1
| /* end confdefs.h.  */
| #ifdef HAVE_IMMINTRIN_H
| #include <immintrin.h>
| #endif
| 
| int
| main ()
| {
| #ifndef _mm_movemask_epi8
| #ifdef __cplusplus
|   (void) _mm_movemask_epi8;
| #else
|   (void) _mm_movemask_epi8;
| #endif
| #endif
| 
|   ;
|   return 0;
| }
configure:19201: result: no
configure:19366: checking whether the -Werror option is usable
configure:19385: /usr/bin/cc -c -Wno-format-nonliteral -isysroot /Library/Developer/CommandLineTools/SDKs/MacOSX.sdk -O3 -Werror  conftest.c >&5
configure:19385: $? = 0
configure:19394: result: yes
configure:19396: checking for simple visibility declarations
configure:19423: /usr/bin/cc -c -Wno-format-nonliteral -isysroot /Library/Developer/CommandLineTools/SDKs/MacOSX.sdk -O3 -fvisibility=hidden -Werror  conftest.c >&5
configure:19423: $? = 0
configure:19432: result: yes
configure:19487: checking if /usr/bin/cc accepts -Wall
configure:19495: /usr/bin/cc -c -Wno-format-nonliteral -isysroot /Library/Developer/CommandLineTools/SDKs/MacOSX.sdk -O3 -Wall -Werror  conftest.c >&5
configure:19495: $? = 0
configure:19498: result: yes
configure:19487: checking if /usr/bin/cc accepts -Wextra
configure:19495: /usr/bin/cc -c -Wno-format-nonliteral -isysroot /Library/Developer/CommandLineTools/SDKs/MacOSX.sdk -O3 -Wextra -Werror  conftest.c >&5
configure:19495: $? = 0
configure:19498: result: yes
configure:19487: checking if /usr/bin/cc accepts -Wvla
configure:19495: /usr/bin/cc -c -Wno-format-nonliteral -isysroot /Library/Developer/CommandLineTools/SDKs/MacOSX.sdk -O3 -Wvla -Werror  conftest.c >&5
configure:19495: $? = 0
configure:19498: result: yes
configure:19487: checking if /usr/bin/cc accepts -Wformat=2
configure:19495: /usr/bin/cc -c -Wno-format-nonliteral -isysroot /Library/Developer/CommandLineTools/SDKs/MacOSX.sdk -O3 -Wformat=2 -Werror  conftest.c >&5
configure:19495: $? = 0
configure:19498: result: yes
configure:19487: checking if /usr/bin/cc accepts -Winit-self
configure:19495: /usr/bin/cc -c -Wno-format-nonliteral -isysroot /Library/Developer/CommandLineTools/SDKs/MacOSX.sdk -O3 -Winit-self -Werror  conftest.c >&5
configure:19495: $? = 0
configure:19498: result: yes
configure:19487: checking if /usr/bin/cc accepts -Wmissing-include-dirs
configure:19495: /usr/bin/cc -c -Wno-format-nonliteral -isysroot /Library/Developer/CommandLineTools/SDKs/MacOSX.sdk -O3 -Wmissing-include-dirs -Werror  conftest.c >&5
configure:19495: $? = 0
configure:19498: result: yes
configure:19487: checking if /usr/bin/cc accepts -Wstrict-aliasing
configure:19495: /usr/bin/cc -c -Wno-format-nonliteral -isysroot /Library/Developer/CommandLineTools/SDKs/MacOSX.sdk -O3 -Wstrict-aliasing -Werror  conftest.c >&5
configure:19495: $? = 0
configure:19498: result: yes
configure:19487: checking if /usr/bin/cc accepts -Wfloat-equal
configure:19495: /usr/bin/cc -c -Wno-format-nonliteral -isysroot /Library/Developer/CommandLineTools/SDKs/MacOSX.sdk -O3 -Wfloat-equal -Werror  conftest.c >&5
configure:19495: $? = 0
configure:19498: result: yes
configure:19487: checking if /usr/bin/cc accepts -Wundef
configure:19495: /usr/bin/cc -c -Wno-format-nonliteral -isysroot /Library/Developer/CommandLineTools/SDKs/MacOSX.sdk -O3 -Wundef -Werror  conftest.c >&5
configure:19495: $? = 0
configure:19498: result: yes
configure:19487: checking if /usr/bin/cc accepts -Wshadow
configure:19495: /usr/bin/cc -c -Wno-format-nonliteral -isysroot /Library/Developer/CommandLineTools/SDKs/MacOSX.sdk -O3 -Wshadow -Werror  conftest.c >&5
configure:19495: $? = 0
configure:19498: result: yes
configure:19487: checking if /usr/bin/cc accepts -Wpointer-arith
configure:19495: /usr/bin/cc -c -Wno-format-nonliteral -isysroot /Library/Developer/CommandLineTools/SDKs/MacOSX.sdk -O3 -Wpointer-arith -Werror  conftest.c >&5
configure:19495: $? = 0
configure:19498: result: yes
configure:19487: checking if /usr/bin/cc accepts -Wbad-function-cast
configure:19495: /usr/bin/cc -c -Wno-format-nonliteral -isysroot /Library/Developer/CommandLineTools/SDKs/MacOSX.sdk -O3 -Wbad-function-cast -Werror  conftest.c >&5
configure:19495: $? = 0
configure:19498: result: yes
configure:19487: checking if /usr/bin/cc accepts -Wwrite-strings
configure:19495: /usr/bin/cc -c -Wno-format-nonliteral -isysroot /Library/Developer/CommandLineTools/SDKs/MacOSX.sdk -O3 -Wwrite-strings -Werror  conftest.c >&5
configure:19495: $? = 0
configure:19498: result: yes
configure:19487: checking if /usr/bin/cc accepts -Wlogical-op
configure:19495: /usr/bin/cc -c -Wno-format-nonliteral -isysroot /Library/Developer/CommandLineTools/SDKs/MacOSX.sdk -O3 -Wlogical-op -Werror  conftest.c >&5
error: unknown warning option '-Wlogical-op'; did you mean '-Wlong-long'? [-Werror,-Wunknown-warning-option]
configure:19495: $? = 1
configure: failed program was:
| /* confdefs.h */
| #define PACKAGE_NAME "XZ Utils"
| #define PACKAGE_TARNAME "xz"
| #define PACKAGE_VERSION "5.2.4"
| #define PACKAGE_STRING "XZ Utils 5.2.4"
| #define PACKAGE_BUGREPORT "lasse.collin@tukaani.org"
| #define PACKAGE_URL "https://tukaani.org/xz/"
| #define NDEBUG 1
| #define HAVE_ENCODER_LZMA1 1
| #define HAVE_ENCODER_LZMA2 1
| #define HAVE_ENCODER_DELTA 1
| #define HAVE_ENCODER_X86 1
| #define HAVE_ENCODER_POWERPC 1
| #define HAVE_ENCODER_IA64 1
| #define HAVE_ENCODER_ARM 1
| #define HAVE_ENCODER_ARMTHUMB 1
| #define HAVE_ENCODER_SPARC 1
| #define HAVE_ENCODERS 1
| #define HAVE_DECODER_LZMA1 1
| #define HAVE_DECODER_LZMA2 1
| #define HAVE_DECODER_DELTA 1
| #define HAVE_DECODER_X86 1
| #define HAVE_DECODER_POWERPC 1
| #define HAVE_DECODER_IA64 1
| #define HAVE_DECODER_ARM 1
| #define HAVE_DECODER_ARMTHUMB 1
| #define HAVE_DECODER_SPARC 1
| #define HAVE_DECODERS 1
| #define HAVE_MF_HC3 1
| #define HAVE_MF_HC4 1
| #define HAVE_MF_BT2 1
| #define HAVE_MF_BT3 1
| #define HAVE_MF_BT4 1
| #define HAVE_CHECK_CRC32 1
| #define HAVE_CHECK_CRC64 1
| #define HAVE_CHECK_SHA256 1
| #define ASSUME_RAM 128
| #define PACKAGE "xz"
| #define VERSION "5.2.4"
| #define STDC_HEADERS 1
| #define HAVE_SYS_TYPES_H 1
| #define HAVE_SYS_STAT_H 1
| #define HAVE_STDLIB_H 1
| #define HAVE_STRING_H 1
| #define HAVE_MEMORY_H 1
| #define HAVE_STRINGS_H 1
| #define HAVE_INTTYPES_H 1
| #define HAVE_STDINT_H 1
| #define HAVE_UNISTD_H 1
| #define __EXTENSIONS__ 1
| #define _ALL_SOURCE 1
| #define _GNU_SOURCE 1
| #define _POSIX_PTHREAD_SEMANTICS 1
| #define _TANDEM_SOURCE 1
| #define HAVE_PTHREAD_PRIO_INHERIT 1
| #define MYTHREAD_POSIX 1
| #define HAVE_CLOCK_GETTIME 1
| #define HAVE_DECL_CLOCK_MONOTONIC 1
| #define HAVE_DLFCN_H 1
| #define LT_OBJDIR ".libs/"
| #define HAVE_CFPREFERENCESCOPYAPPVALUE 1
| #define HAVE_CFLOCALECOPYCURRENT 1
| #define HAVE_ICONV 1
| #define HAVE_FCNTL_H 1
| #define HAVE_LIMITS_H 1
| #define HAVE_SYS_TIME_H 1
| #define HAVE__BOOL 1
| #define HAVE_STDBOOL_H 1
| #define HAVE_UINTPTR_T 1
| #define SIZEOF_SIZE_T 8
| #define HAVE_STRUCT_STAT_ST_ATIMESPEC_TV_NSEC 1
| #define HAVE_GETOPT_H 1
| #define HAVE_GETOPT_LONG 1
| #define HAVE_OPTRESET 1
| #define HAVE_FUTIMENS 1
| #define HAVE_DECL_PROGRAM_INVOCATION_NAME 0
| #define HAVE_SYS_ENDIAN_H 1
| #define HAVE_SYS_PARAM_H 1
| #define TUKLIB_PHYSMEM_SYSCONF 1
| #define HAVE_SYS_PARAM_H 1
| #define TUKLIB_CPUCORES_SYSCTL 1
| #define HAVE_MBRTOWC 1
| #define HAVE_WCWIDTH 1
| #define HAVE_VISIBILITY 1
| /* end confdefs.h.  */
| void foo(void); void foo(void) { }
configure:19503: result: no
configure:19487: checking if /usr/bin/cc accepts -Waggregate-return
configure:19495: /usr/bin/cc -c -Wno-format-nonliteral -isysroot /Library/Developer/CommandLineTools/SDKs/MacOSX.sdk -O3 -Waggregate-return -Werror  conftest.c >&5
configure:19495: $? = 0
configure:19498: result: yes
configure:19487: checking if /usr/bin/cc accepts -Wstrict-prototypes
configure:19495: /usr/bin/cc -c -Wno-format-nonliteral -isysroot /Library/Developer/CommandLineTools/SDKs/MacOSX.sdk -O3 -Wstrict-prototypes -Werror  conftest.c >&5
configure:19495: $? = 0
configure:19498: result: yes
configure:19487: checking if /usr/bin/cc accepts -Wold-style-definition
configure:19495: /usr/bin/cc -c -Wno-format-nonliteral -isysroot /Library/Developer/CommandLineTools/SDKs/MacOSX.sdk -O3 -Wold-style-definition -Werror  conftest.c >&5
configure:19495: $? = 0
configure:19498: result: yes
configure:19487: checking if /usr/bin/cc accepts -Wmissing-prototypes
configure:19495: /usr/bin/cc -c -Wno-format-nonliteral -isysroot /Library/Developer/CommandLineTools/SDKs/MacOSX.sdk -O3 -Wmissing-prototypes -Werror  conftest.c >&5
configure:19495: $? = 0
configure:19498: result: yes
configure:19487: checking if /usr/bin/cc accepts -Wmissing-declarations
configure:19495: /usr/bin/cc -c -Wno-format-nonliteral -isysroot /Library/Developer/CommandLineTools/SDKs/MacOSX.sdk -O3 -Wmissing-declarations -Werror  conftest.c >&5
configure:19495: $? = 0
configure:19498: result: yes
configure:19487: checking if /usr/bin/cc accepts -Wmissing-noreturn
configure:19495: /usr/bin/cc -c -Wno-format-nonliteral -isysroot /Library/Developer/CommandLineTools/SDKs/MacOSX.sdk -O3 -Wmissing-noreturn -Werror  conftest.c >&5
configure:19495: $? = 0
configure:19498: result: yes
configure:19487: checking if /usr/bin/cc accepts -Wredundant-decls
configure:19495: /usr/bin/cc -c -Wno-format-nonliteral -isysroot /Library/Developer/CommandLineTools/SDKs/MacOSX.sdk -O3 -Wredundant-decls -Werror  conftest.c >&5
configure:19495: $? = 0
configure:19498: result: yes
configure:19868: checking that generated files are newer than configure
configure:19874: result: done
configure:19918: creating ./config.status

## ---------------------- ##
## Running config.status. ##
## ---------------------- ##

This file was extended by XZ Utils config.status 5.2.4, which was
generated by GNU Autoconf 2.69.  Invocation command line was

  CONFIG_FILES    = 
  CONFIG_HEADERS  = 
  CONFIG_LINKS    = 
  CONFIG_COMMANDS = 
  $ ./config.status --quiet

on Sanilas-MacBook-Pro.local

config.status:1361: creating Doxyfile
config.status:1361: creating Makefile
config.status:1361: creating po/Makefile.in
config.status:1361: creating lib/Makefile
config.status:1361: creating src/Makefile
config.status:1361: creating src/liblzma/Makefile
config.status:1361: creating src/liblzma/api/Makefile
config.status:1361: creating src/xz/Makefile
config.status:1361: creating src/xzdec/Makefile
config.status:1361: creating src/lzmainfo/Makefile
config.status:1361: creating src/scripts/Makefile
config.status:1361: creating tests/Makefile
config.status:1361: creating debug/Makefile
config.status:1361: creating src/scripts/xzdiff
config.status:1361: creating src/scripts/xzgrep
config.status:1361: creating src/scripts/xzmore
config.status:1361: creating src/scripts/xzless
config.status:1361: creating config.h
config.status:1590: executing depfiles commands
config.status:1590: executing libtool commands
config.status:1590: executing po-directories commands

## ---------------- ##
## Cache variables. ##
## ---------------- ##

ac_cv_build=arm-apple-darwin25.2.0
ac_cv_c_bigendian=no
ac_cv_c_compiler_gnu=yes
ac_cv_c_int32_t=yes
ac_cv_c_int64_t=yes
ac_cv_c_uint16_t=yes
ac_cv_c_uint32_t=yes
ac_cv_c_uint64_t=yes
ac_cv_c_uint8_t=yes
ac_cv_env_CCASFLAGS_set=
ac_cv_env_CCASFLAGS_value=
ac_cv_env_CCAS_set=
ac_cv_env_CCAS_value=
ac_cv_env_CC_set=set
ac_cv_env_CC_value=/usr/bin/cc
ac_cv_env_CFLAGS_set=set
ac_cv_env_CFLAGS_value='-Wno-format-nonliteral -isysroot /Library/Developer/CommandLineTools/SDKs/MacOSX.sdk -O3'
ac_cv_env_CPPFLAGS_set=
ac_cv_env_CPPFLAGS_value=
ac_cv_env_CPP_set=
ac_cv_env_CPP_value=
ac_cv_env_LDFLAGS_set=set
ac_cv_env_LDFLAGS_value=-Qunused-arguments
ac_cv_env_LIBS_set=
ac_cv_env_LIBS_value=
ac_cv_env_LT_SYS_LIBRARY_PATH_set=
ac_cv_env_LT_SYS_LIBRARY_PATH_value=
ac_cv_env_build_alias_set=
ac_cv_env_build_alias_value=
ac_cv_env_host_alias_set=
ac_cv_env_host_alias_value=
ac_cv_env_target_alias_set=
ac_cv_env_target_alias_value=
ac_cv_func_clock_gettime=yes
ac_cv_func_futimens=yes
ac_cv_func_getopt_long=yes
ac_cv_func_mbrtowc=yes
ac_cv_func_posix_fadvise=no
ac_cv_func_pthread_condattr_setclock=no
ac_cv_func_wcwidth=yes
ac_cv_have_decl_CLOCK_MONOTONIC=yes
ac_cv_have_decl__mm_movemask_epi8=no
ac_cv_have_decl_optreset=yes
ac_cv_have_decl_program_invocation_name=no
ac_cv_header_byteswap_h=no
ac_cv_header_dlfcn_h=yes
ac_cv_header_fcntl_h=yes
ac_cv_header_getopt_h=yes
ac_cv_header_immintrin_h=no
ac_cv_header_inttypes_h=yes
ac_cv_header_limits_h=yes
ac_cv_header_memory_h=yes
ac_cv_header_minix_config_h=no
ac_cv_header_stdbool_h=yes
ac_cv_header_stdc=yes
ac_cv_header_stdint_h=yes
ac_cv_header_stdlib_h=yes
ac_cv_header_string_h=yes
ac_cv_header_strings_h=yes
ac_cv_header_sys_endian_h=yes
ac_cv_header_sys_param_h=yes
ac_cv_header_sys_stat_h=yes
ac_cv_header_sys_time_h=yes
ac_cv_header_sys_types_h=yes
ac_cv_header_unistd_h=yes
ac_cv_host=arm-apple-darwin25.2.0
ac_cv_member_struct_stat_st_atim_st__tim_tv_nsec=no
ac_cv_member_struct_stat_st_atim_tv_nsec=no
ac_cv_member_struct_stat_st_atimensec=no
ac_cv_member_struct_stat_st_atimespec_tv_nsec=yes
ac_cv_member_struct_stat_st_uatime=no
ac_cv_objext=o
ac_cv_path_EGREP='/usr/bin/grep -E'
ac_cv_path_FGREP='/usr/bin/grep -F'
ac_cv_path_GMSGFMT=:
ac_cv_path_GREP=/usr/bin/grep
ac_cv_path_MSGFMT=:
ac_cv_path_MSGMERGE=:
ac_cv_path_SED=/usr/bin/sed
ac_cv_path_XGETTEXT=:
ac_cv_path_install='/usr/bin/install -c'
ac_cv_path_lt_DD=/bin/dd
ac_cv_prog_AWK=awk
ac_cv_prog_CPP='/usr/bin/cc -E'
ac_cv_prog_ac_ct_AR=ar
ac_cv_prog_ac_ct_CC=/usr/bin/cc
ac_cv_prog_ac_ct_DSYMUTIL=dsymutil
ac_cv_prog_ac_ct_LIPO=lipo
ac_cv_prog_ac_ct_NMEDIT=nmedit
ac_cv_prog_ac_ct_OBJDUMP=objdump
ac_cv_prog_ac_ct_OTOOL=otool
ac_cv_prog_ac_ct_RANLIB=ranlib
ac_cv_prog_ac_ct_STRIP=strip
ac_cv_prog_cc_c89=
ac_cv_prog_cc_c99=
ac_cv_prog_cc_g=yes
ac_cv_prog_make_make_set=yes
ac_cv_safe_to_define___extensions__=yes
ac_cv_search_clock_gettime='none required'
ac_cv_sizeof_size_t=8
ac_cv_sys_file_offset_bits=no
ac_cv_sys_largefile_CC=no
ac_cv_type__Bool=yes
ac_cv_type_uintptr_t=yes
acl_cv_hardcode_direct=no
acl_cv_hardcode_libdir_flag_spec=
acl_cv_hardcode_libdir_separator=
acl_cv_hardcode_minus_L=no
acl_cv_libext=a
acl_cv_libname_spec='lib$name'
acl_cv_library_names_spec='$libname$shrext'
acl_cv_path_LD=/Library/Developer/CommandLineTools/usr/bin/ld
acl_cv_prog_gnu_ld=no
acl_cv_rpath=done
acl_cv_shlibext=dylib
acl_cv_wl=-Wl,
am_cv_CCAS_dependencies_compiler_type=gcc3
am_cv_CC_dependencies_compiler_type=gcc3
am_cv_func_iconv=yes
am_cv_func_iconv_works=yes
am_cv_lib_iconv=yes
am_cv_make_support_nested_variables=yes
am_cv_prog_cc_c_o=yes
ax_cv_PTHREAD_PRIO_INHERIT=yes
gl_cv_cc_vis_werror=yes
gl_cv_cc_visibility=yes
gl_cv_posix_shell=/bin/sh
gt_cv_func_CFLocaleCopyCurrent=yes
gt_cv_func_CFPreferencesCopyAppValue=yes
gt_cv_func_gnugettext1_libc=no
gt_cv_func_gnugettext1_libintl=no
lt_cv_apple_cc_single_mod=no
lt_cv_ar_at_file=no
lt_cv_deplibs_check_method=pass_all
lt_cv_file_magic_cmd='$MAGIC_CMD'
lt_cv_file_magic_test_file=
lt_cv_ld_exported_symbols_list=yes
lt_cv_ld_force_load=yes
lt_cv_ld_reload_flag=-r
lt_cv_nm_interface='BSD nm'
lt_cv_objdir=.libs
lt_cv_path_LD=/Library/Developer/CommandLineTools/usr/bin/ld
lt_cv_path_NM='/usr/bin/nm -B'
lt_cv_path_mainfest_tool=no
lt_cv_prog_compiler_c_o=yes
lt_cv_prog_compiler_c_o_RC=yes
lt_cv_prog_compiler_pic='-fno-common -DPIC'
lt_cv_prog_compiler_pic_works=yes
lt_cv_prog_compiler_rtti_exceptions=yes
lt_cv_prog_compiler_static_works=no
lt_cv_prog_gnu_ld=no
lt_cv_sharedlib_from_linklib_cmd='printf %s\n'
lt_cv_sys_global_symbol_pipe='sed -n -e '\''s/^.*[	 ]\([ABCDGIRSTW][ABCDGIRSTW]*\)[	 ][	 ]*_\([_A-Za-z][_A-Za-z0-9]*\)$/\1 _\2 \2/p'\'' | sed '\''/ __gnu_lto/d'\'''
lt_cv_sys_global_symbol_to_c_name_address='sed -n -e '\''s/^: \(.*\) .*$/  {"\1", (void *) 0},/p'\'' -e '\''s/^[ABCDGIRSTW][ABCDGIRSTW]* .* \(.*\)$/  {"\1", (void *) \&\1},/p'\'''
lt_cv_sys_global_symbol_to_c_name_address_lib_prefix='sed -n -e '\''s/^: \(.*\) .*$/  {"\1", (void *) 0},/p'\'' -e '\''s/^[ABCDGIRSTW][ABCDGIRSTW]* .* \(lib.*\)$/  {"\1", (void *) \&\1},/p'\'' -e '\''s/^[ABCDGIRSTW][ABCDGIRSTW]* .* \(.*\)$/  {"lib\1", (void *) \&\1},/p'\'''
lt_cv_sys_global_symbol_to_cdecl='sed -n -e '\''s/^T .* \(.*\)$/extern int \1();/p'\'' -e '\''s/^[ABCDGIRSTW][ABCDGIRSTW]* .* \(.*\)$/extern char \1;/p'\'''
lt_cv_sys_global_symbol_to_import=
lt_cv_sys_max_cmd_len=786432
lt_cv_to_host_file_cmd=func_convert_file_noop
lt_cv_to_tool_file_cmd=func_convert_file_noop
lt_cv_truncate_bin='/bin/dd bs=4096 count=1'
tuklib_cv_cpucores_method=sysctl
tuklib_cv_physmem_method=sysconf

## ----------------- ##
## Output variables. ##
## ----------------- ##

ACLOCAL='${SHELL} /Users/sanilawijesekara/Documents/gsoc/Root/root-GSOC/root-build/LZMA-prefix/src/LZMA/build-aux/missing aclocal-1.15'
AMDEPBACKSLASH='\'
AMDEP_FALSE='#'
AMDEP_TRUE=''
AMTAR='$${TAR-tar}'
AM_BACKSLASH='\'
AM_CFLAGS=' -D_THREAD_SAFE -pthread -fvisibility=hidden -Wall -Wextra -Wvla -Wformat=2 -Winit-self -Wmissing-include-dirs -Wstrict-aliasing -Wfloat-equal -Wundef -Wshadow -Wpointer-arith -Wbad-function-cast -Wwrite-strings -Waggregate-return -Wstrict-prototypes -Wold-style-definition -Wmissing-prototypes -Wmissing-declarations -Wmissing-noreturn -Wredundant-decls'
AM_DEFAULT_V='$(AM_DEFAULT_VERBOSITY)'
AM_DEFAULT_VERBOSITY='1'
AM_V='$(V)'
AR='ar'
AS='as'
AUTOCONF='${SHELL} /Users/sanilawijesekara/Documents/gsoc/Root/root-GSOC/root-build/LZMA-prefix/src/LZMA/build-aux/missing autoconf'
AUTOHEADER='${SHELL} /Users/sanilawijesekara/Documents/gsoc/Root/root-GSOC/root-build/LZMA-prefix/src/LZMA/build-aux/missing autoheader'
AUTOMAKE='${SHELL} /Users/sanilawijesekara/Documents/gsoc/Root/root-GSOC/root-build/LZMA-prefix/src/LZMA/build-aux/missing automake-1.15'
AWK='awk'
CAPSICUM_LIB=''
CC='/usr/bin/cc'
CCAS='/usr/bin/cc'
CCASDEPMODE='depmode=gcc3'
CCASFLAGS='-Wno-format-nonliteral -isysroot /Library/Developer/CommandLineTools/SDKs/MacOSX.sdk -O3'
CCDEPMODE='depmode=gcc3'
CFLAGS='-Wno-format-nonliteral -isysroot /Library/Developer/CommandLineTools/SDKs/MacOSX.sdk -O3'
CFLAG_VISIBILITY='-fvisibility=hidden'
COND_ASM_X86_64_FALSE=''
COND_ASM_X86_64_TRUE='#'
COND_ASM_X86_FALSE=''
COND_ASM_X86_TRUE='#'
COND_CHECK_CRC32_FALSE='#'
COND_CHECK_CRC32_TRUE=''
COND_CHECK_CRC64_FALSE='#'
COND_CHECK_CRC64_TRUE=''
COND_CHECK_SHA256_FALSE='#'
COND_CHECK_SHA256_TRUE=''
COND_DECODER_ARMTHUMB_FALSE='#'
COND_DECODER_ARMTHUMB_TRUE=''
COND_DECODER_ARM_FALSE='#'
COND_DECODER_ARM_TRUE=''
COND_DECODER_DELTA_FALSE='#'
COND_DECODER_DELTA_TRUE=''
COND_DECODER_IA64_FALSE='#'
COND_DECODER_IA64_TRUE=''
COND_DECODER_LZMA1_FALSE='#'
COND_DECODER_LZMA1_TRUE=''
COND_DECODER_LZMA2_FALSE='#'
COND_DECODER_LZMA2_TRUE=''
COND_DECODER_LZ_FALSE='#'
COND_DECODER_LZ_TRUE=''
COND_DECODER_POWERPC_FALSE='#'
COND_DECODER_POWERPC_TRUE=''
COND_DECODER_SIMPLE_FALSE='#'
COND_DECODER_SIMPLE_TRUE=''
COND_DECODER_SPARC_FALSE='#'
COND_DECODER_SPARC_TRUE=''
COND_DECODER_X86_FALSE='#'
COND_DECODER_X86_TRUE=''
COND_DOC_FALSE='#'
COND_DOC_TRUE=''
COND_ENCODER_ARMTHUMB_FALSE='#'
COND_ENCODER_ARMTHUMB_TRUE=''
COND_ENCODER_ARM_FALSE='#'
COND_ENCODER_ARM_TRUE=''
COND_ENCODER_DELTA_FALSE='#'
COND_ENCODER_DELTA_TRUE=''
COND_ENCODER_IA64_FALSE='#'
COND_ENCODER_IA64_TRUE=''
COND_ENCODER_LZMA1_FALSE='#'
COND_ENCODER_LZMA1_TRUE=''
COND_ENCODER_LZMA2_FALSE='#'
COND_ENCODER_LZMA2_TRUE=''
COND_ENCODER_LZ_FALSE='#'
COND_ENCODER_LZ_TRUE=''
COND_ENCODER_POWERPC_FALSE='#'
COND_ENCODER_POWERPC_TRUE=''
COND_ENCODER_SIMPLE_FALSE='#'
COND_ENCODER_SIMPLE_TRUE=''
COND_ENCODER_SPARC_FALSE='#'
COND_ENCODER_SPARC_TRUE=''
COND_ENCODER_X86_FALSE='#'
COND_ENCODER_X86_TRUE=''
COND_FILTER_ARMTHUMB_FALSE='#'
COND_FILTER_ARMTHUMB_TRUE=''
COND_FILTER_ARM_FALSE='#'
COND_FILTER_ARM_TRUE=''
COND_FILTER_DELTA_FALSE='#'
COND_FILTER_DELTA_TRUE=''
COND_FILTER_IA64_FALSE='#'
COND_FILTER_IA64_TRUE=''
COND_FILTER_LZMA1_FALSE='#'
COND_FILTER_LZMA1_TRUE=''
COND_FILTER_LZMA2_FALSE='#'
COND_FILTER_LZMA2_TRUE=''
COND_FILTER_LZ_FALSE='#'
COND_FILTER_LZ_TRUE=''
COND_FILTER_POWERPC_FALSE='#'
COND_FILTER_POWERPC_TRUE=''
COND_FILTER_SIMPLE_FALSE='#'
COND_FILTER_SIMPLE_TRUE=''
COND_FILTER_SPARC_FALSE='#'
COND_FILTER_SPARC_TRUE=''
COND_FILTER_X86_FALSE='#'
COND_FILTER_X86_TRUE=''
COND_GNULIB_FALSE=''
COND_GNULIB_TRUE='#'
COND_INTERNAL_SHA256_FALSE='#'
COND_INTERNAL_SHA256_TRUE=''
COND_LZMADEC_FALSE=''
COND_LZMADEC_TRUE='#'
COND_LZMAINFO_FALSE=''
COND_LZMAINFO_TRUE='#'
COND_LZMALINKS_FALSE=''
COND_LZMALINKS_TRUE='#'
COND_MAIN_DECODER_FALSE='#'
COND_MAIN_DECODER_TRUE=''
COND_MAIN_ENCODER_FALSE='#'
COND_MAIN_ENCODER_TRUE=''
COND_SCRIPTS_FALSE=''
COND_SCRIPTS_TRUE='#'
COND_SHARED_FALSE=''
COND_SHARED_TRUE='#'
COND_SMALL_FALSE=''
COND_SMALL_TRUE='#'
COND_SYMVERS_FALSE=''
COND_SYMVERS_TRUE='#'
COND_THREADS_FALSE='#'
COND_THREADS_TRUE=''
COND_W32_FALSE=''
COND_W32_TRUE='#'
COND_XZDEC_FALSE=''
COND_XZDEC_TRUE='#'
COND_XZ_FALSE=''
COND_XZ_TRUE='#'
CPP='/usr/bin/cc -E'
CPPFLAGS=''
CYGPATH_W='echo'
DEFS='-DHAVE_CONFIG_H'
DEPDIR='.deps'
DLLTOOL='false'
DSYMUTIL='dsymutil'
DUMPBIN=''
ECHO_C='\c'
ECHO_N=''
ECHO_T=''
EGREP='/usr/bin/grep -E'
EXEEXT=''
FGREP='/usr/bin/grep -F'
GETOPT_H=''
GETTEXT_MACRO_VERSION='0.19'
GMSGFMT=':'
GMSGFMT_015=':'
GREP='/usr/bin/grep'
HAVE_VISIBILITY='1'
INSTALL_DATA='${INSTALL} -m 644'
INSTALL_PROGRAM='${INSTALL}'
INSTALL_SCRIPT='${INSTALL}'
INSTALL_STRIP_PROGRAM='$(install_sh) -c -s'
INTLLIBS=''
INTL_MACOSX_LIBS='-Wl,-framework -Wl,CoreFoundation'
LD='/Library/Developer/CommandLineTools/usr/bin/ld'
LDFLAGS='-Qunused-arguments'
LIBICONV='-liconv'
LIBINTL=''
LIBOBJS=''
LIBS=' '
LIBTOOL='$(SHELL) $(top_builddir)/libtool'
LIPO='lipo'
LN_EXEEXT='$(EXEEXT)'
LN_S='ln -s'
LTLIBICONV='-liconv'
LTLIBINTL=''
LTLIBOBJS=''
LT_SYS_LIBRARY_PATH=''
MAKEINFO='${SHELL} /Users/sanilawijesekara/Documents/gsoc/Root/root-GSOC/root-build/LZMA-prefix/src/LZMA/build-aux/missing makeinfo'
MANIFEST_TOOL=':'
MKDIR_P='build-aux/install-sh -c -d'
MSGFMT=':'
MSGFMT_015=':'
MSGMERGE=':'
NM='/usr/bin/nm -B'
NMEDIT='nmedit'
OBJDUMP='objdump'
OBJEXT='o'
OTOOL64=':'
OTOOL='otool'
PACKAGE='xz'
PACKAGE_BUGREPORT='lasse.collin@tukaani.org'
PACKAGE_NAME='XZ Utils'
PACKAGE_STRING='XZ Utils 5.2.4'
PACKAGE_TARNAME='xz'
PACKAGE_URL='https://tukaani.org/xz/'
PACKAGE_VERSION='5.2.4'
PATH_SEPARATOR=':'
POSIX_SHELL='/bin/sh'
POSUB=''
PREFERABLY_POSIX_SHELL='/bin/sh'
PTHREAD_CC='/usr/bin/cc'
PTHREAD_CFLAGS='-D_THREAD_SAFE -pthread'
PTHREAD_LIBS=''
RANLIB='ranlib'
RC=''
SED='/usr/bin/sed'
SET_MAKE=''
SHELL='/bin/sh'
STRIP='strip'
USE_NLS='no'
VERSION='5.2.4'
XGETTEXT=':'
XGETTEXT_015=':'
XGETTEXT_EXTRA_OPTIONS=''
ac_ct_AR='ar'
ac_ct_CC='/usr/bin/cc'
ac_ct_DUMPBIN=''
am__EXEEXT_FALSE=''
am__EXEEXT_TRUE='#'
am__fastdepCCAS_FALSE='#'
am__fastdepCCAS_TRUE=''
am__fastdepCC_FALSE='#'
am__fastdepCC_TRUE=''
am__include='include'
am__isrc=''
am__leading_dot='.'
am__nodep='_no'
am__quote=''
am__tar='$${TAR-tar} chof - "$$tardir"'
am__untar='$${TAR-tar} xf -'
ax_pthread_config=''
bindir='${exec_prefix}/bin'
build='arm-apple-darwin25.2.0'
build_alias=''
build_cpu='arm'
build_os='darwin25.2.0'
build_vendor='apple'
datadir='${datarootdir}'
datarootdir='${prefix}/share'
docdir='${datarootdir}/doc/${PACKAGE_TARNAME}'
dvidir='${docdir}'
exec_prefix='${prefix}'
host='arm-apple-darwin25.2.0'
host_alias=''
host_cpu='arm'
host_os='darwin25.2.0'
host_vendor='apple'
htmldir='${docdir}'
includedir='${prefix}/include'
infodir='${datarootdir}/info'
install_sh='${SHELL} /Users/sanilawijesekara/Documents/gsoc/Root/root-GSOC/root-build/LZMA-prefix/src/LZMA/build-aux/install-sh'
libdir='/Users/sanilawijesekara/Documents/gsoc/Root/root-GSOC/root-build/lib'
libexecdir='${exec_prefix}/libexec'
localedir='${datarootdir}/locale'
localstatedir='${prefix}/var'
mandir='${datarootdir}/man'
mkdir_p='$(MKDIR_P)'
oldincludedir='/usr/include'
pdfdir='${docdir}'
prefix='/Users/sanilawijesekara/Documents/gsoc/Root/root-GSOC/root-build'
program_transform_name='s,x,x,'
psdir='${docdir}'
sbindir='${exec_prefix}/sbin'
sharedstatedir='${prefix}/com'
sysconfdir='${prefix}/etc'
target_alias=''
xz='xz'

## ----------- ##
## confdefs.h. ##
## ----------- ##

/* confdefs.h */
#define PACKAGE_NAME "XZ Utils"
#define PACKAGE_TARNAME "xz"
#define PACKAGE_VERSION "5.2.4"
#define PACKAGE_STRING "XZ Utils 5.2.4"
#define PACKAGE_BUGREPORT "lasse.collin@tukaani.org"
#define PACKAGE_URL "https://tukaani.org/xz/"
#define NDEBUG 1
#define HAVE_ENCODER_LZMA1 1
#define HAVE_ENCODER_LZMA2 1
#define HAVE_ENCODER_DELTA 1
#define HAVE_ENCODER_X86 1
#define HAVE_ENCODER_POWERPC 1
#define HAVE_ENCODER_IA64 1
#define HAVE_ENCODER_ARM 1
#define HAVE_ENCODER_ARMTHUMB 1
#define HAVE_ENCODER_SPARC 1
#define HAVE_ENCODERS 1
#define HAVE_DECODER_LZMA1 1
#define HAVE_DECODER_LZMA2 1
#define HAVE_DECODER_DELTA 1
#define HAVE_DECODER_X86 1
#define HAVE_DECODER_POWERPC 1
#define HAVE_DECODER_IA64 1
#define HAVE_DECODER_ARM 1
#define HAVE_DECODER_ARMTHUMB 1
#define HAVE_DECODER_SPARC 1
#define HAVE_DECODERS 1
#define HAVE_MF_HC3 1
#define HAVE_MF_HC4 1
#define HAVE_MF_BT2 1
#define HAVE_MF_BT3 1
#define HAVE_MF_BT4 1
#define HAVE_CHECK_CRC32 1
#define HAVE_CHECK_CRC64 1
#define HAVE_CHECK_SHA256 1
#define ASSUME_RAM 128
#define PACKAGE "xz"
#define VERSION "5.2.4"
#define STDC_HEADERS 1
#define HAVE_SYS_TYPES_H 1
#define HAVE_SYS_STAT_H 1
#define HAVE_STDLIB_H 1
#define HAVE_STRING_H 1
#define HAVE_MEMORY_H 1
#define HAVE_STRINGS_H 1
#define HAVE_INTTYPES_H 1
#define HAVE_STDINT_H 1
#define HAVE_UNISTD_H 1
#define __EXTENSIONS__ 1
#define _ALL_SOURCE 1
#define _GNU_SOURCE 1
#define _POSIX_PTHREAD_SEMANTICS 1
#define _TANDEM_SOURCE 1
#define HAVE_PTHREAD_PRIO_INHERIT 1
#define MYTHREAD_POSIX 1
#define HAVE_CLOCK_GETTIME 1
#define HAVE_DECL_CLOCK_MONOTONIC 1
#define HAVE_DLFCN_H 1
#define LT_OBJDIR ".libs/"
#define HAVE_CFPREFERENCESCOPYAPPVALUE 1
#define HAVE_CFLOCALECOPYCURRENT 1
#define HAVE_ICONV 1
#define HAVE_FCNTL_H 1
#define HAVE_LIMITS_H 1
#define HAVE_SYS_TIME_H 1
#define HAVE__BOOL 1
#define HAVE_STDBOOL_H 1
#define HAVE_UINTPTR_T 1
#define SIZEOF_SIZE_T 8
#define HAVE_STRUCT_STAT_ST_ATIMESPEC_TV_NSEC 1
#define HAVE_GETOPT_H 1
#define HAVE_GETOPT_LONG 1
#define HAVE_OPTRESET 1
#define HAVE_FUTIMENS 1
#define HAVE_DECL_PROGRAM_INVOCATION_NAME 0
#define HAVE_SYS_ENDIAN_H 1
#define HAVE_SYS_PARAM_H 1
#define TUKLIB_PHYSMEM_SYSCONF 1
#define HAVE_SYS_PARAM_H 1
#define TUKLIB_CPUCORES_SYSCTL 1
#define HAVE_MBRTOWC 1
#define HAVE_WCWIDTH 1
#define HAVE_VISIBILITY 1

configure: exit 0
